eid,category,shape,shape_type,size,kind,subject,predicate,object
Id0,geography,NA,NA,1,original,Mikušovce,locatedIn,Okres_Ilava
Id1,geography,NA,NA,1,original,UFO_most,completionYear,1972
Id2,history,NA,NA,1,original,Ján_Golian,issuedOrder,start_Of_Slovenské_Národné_Povstanie
Id3,geography,NA,NA,3,original,Zvolen,hasRiver,Hron
Id3,geography,NA,NA,3,original,Zvolen,hasRiver,Slatina
Id3,geography,NA,NA,3,original,Zvolen,hasRiver,Zolná
Id4,geography,NA,NA,2,original,Slovensko,hasNumberOfOilRefineries,1
Id4,geography,NA,NA,2,original,ropná_rafinéria,isLocatedIn,Slovensko
Id5,politics,NA,NA,2,original,Robert_Mistrík,withdrewCandidacyIn,prezidentské_voľby_2019
Id5,politics,NA,NA,2,original,Robert_Mistrík,withdrewInFavorOf,Zuzana_Čaputová
Id6,culture,NA,NA,1,original,Andrej_Sládkovič,originalName,Andrej_Braxatoris
Id7,culture,NA,NA,1,original,Združenie_pesničkárov_Slnovrat,genre,folk
Id8,geography,NA,NA,3,original,Banská_Štiavnica,knownFor,Mining
Id8,geography,NA,NA,3,original,Mining,resourceType,Kovy
Id8,geography,NA,NA,3,original,Kovy,primaryExample,Striebro
Id9,geography,NA,NA,1,original,Bardejov,isCenterOf,Horný_Šariš
Id10,geography,NA,NA,2,original,Slovensko,plannedCooperationWith,Maďarsko
Id10,geography,NA,NA,2,original,Slovensko,plannedProject,Vodné_Dielo_Gabčíkovo
Id11,culture,NA,NA,1,original,IMT_Smile,originCity,Prešov
Id12,geography,NA,NA,2,original,Gbeliansky_potok,sourceLocation,Gbeľany
Id12,geography,NA,NA,2,original,Gbeľany,isType,obec
Id13,culture,NA,NA,1,original,Kláštor_a_kostol_kamaldulov_na_Zobore,architecturalStyle,barok
Id14,geography,NA,NA,3,original,Zrúcanina,isLocatedIn,Obec_Podbranč
Id14,geography,NA,NA,3,original,Zrúcanina,isCalled,Hrad_Branč
Id14,geography,NA,NA,3,original,Hrad_Branč,isTypeOf,Zrúcanina
Id15,culture,NA,NA,1,original,slovenský_Strom_roka,decidesWinnerBy,verejné_hlasanie
Id16,sports,NA,NA,1,original,Klaudia_Medlová,competesIn,snowboarding
Id17,culture,NA,NA,2,original,Mladé_letá,originalName,Slovenské_nakladateľstvo_detskej_knihy
Id17,culture,NA,NA,2,original,Mladé_letá,type,vydavateľstvo
Id18,politics,NA,NA,2,original,Andrej_Stančík,politicalParty,OĽANO
Id18,politics,NA,NA,2,original,Andrej_Stančík,electedTo,parlament
Id19,history,NA,NA,2,original,nemeckí_vojaci,action,partially_burned
Id19,history,NA,NA,2,original,nemeckí_vojaci,target,obec_Liptovská_Teplička
Id20,geography,NA,NA,2,original,Kostol_Najsvätejšej_Trojice,locatedOnStreet,Hlavná_ulica
Id20,geography,NA,NA,2,original,Hlavná_ulica,locatedInCity,Košice
Id21,geography,NA,NA,1,original,Handlová,minedResource,hnedé_uhlie
Id22,culture,NA,NA,1,original,Vysoká_škola_múzických_umení_v_Bratislave,numberOfFaculties,3
Id23,sports,NA,NA,1,original,Tipos_Extraliga,sportType,ľadový_hokej
Id24,politics,NA,NA,2,original,Údajné_odpočúvanie,subject,Jaroslav_Haščák
Id24,politics,NA,NA,2,original,Údajné_odpočúvanie,leadsTo,Kauza_Gorila
Id25,other,NA,NA,2,original,Tempo_Supermarket,belongsTo,COOP_Jednota
Id25,other,NA,NA,2,original,COOP_Jednota,isA,slovenský_predajca
Id26,politics,NA,NA,3,original,politický_spor,name,pomlčková_vojna
Id26,politics,NA,NA,3,original,politický_spor,topic,názov_Česko-Slovenska
Id26,politics,NA,NA,3,original,politický_spor,startDate,1990-01-01
Id27,history,NA,NA,3,original,Belo_IV,wasKingOf,Uhorsko
Id27,history,NA,NA,3,original,prvý_mongolský_vpád,occurredDuringReignOf,Belo_IV
Id27,history,NA,NA,3,original,prvý_mongolský_vpád,targetedLocation,Uhorsko
Id28,history,NA,NA,1,original,Múzeum_obetí_komunizmu,locatedIn,Košice
Id29,history,NA,NA,3,original,piešťanský_Grand_Hotel_Royal,nameDuringPeriod,Grand_Hotel_Slovan
Id29,history,NA,NA,3,original,socializmus,timePeriod,1948-1989
Id29,history,NA,NA,3,original,Grand_Hotel_Slovan,laterName,Slovan
Id30,culture,NA,NA,1,original,Slovenská_kapela_Fragile,usesMusicalInstruments,none
Id31,politics,NA,NA,2,original,Vladimír_Mečiar,governingStyle,mečiarizmus
Id31,politics,NA,NA,2,original,mečiarizmus,timePeriod,1992-01-01_1998-12-31
Id32,geography,NA,NA,2,original,Okres_Čadca,borders,Česko
Id32,geography,NA,NA,2,original,Okres_Čadca,borders,Poľsko
Id33,culture,NA,NA,1,original,film_Iná_láska,mainCharacter,Peter_Hradil
Id34,culture,NA,NA,3,original,Dračie_srdce,filmingLocation,Strečno
Id34,culture,NA,NA,3,original,Dračie_srdce,type,film
Id34,culture,NA,NA,3,original,Strečno,type,hrad
Id35,culture,NA,NA,3,original,Marián_Čunderlík,professionalFocus,maľba
Id35,culture,NA,NA,3,original,Marián_Čunderlík,professionalFocus,ilustrácia
Id35,culture,NA,NA,3,original,Marián_Čunderlík,professionalFocus,grafika
Id36,politics,NA,NA,1,original,Strana_demokratickej_ľavice,originatedFrom,Komunistická_strana_Slovenska
Id37,culture,NA,NA,1,original,Peter_Nagy,composed,Aj_tak_sme_frajeri
Id38,geography,NA,NA,1,original,Národný_ústav_reumatických_chorôb,headquarterLocation,Piešťany
Id39,geography,NA,NA,2,original,Liptovský_Mikuláš,hasLargestSettlement,Podbreziny
Id39,geography,NA,NA,2,original,Podbreziny,isLargestSettlementOf,Liptovský_Mikuláš
Id40,geography,NA,NA,1,original,Stráže_nad_Myjavou,mergedWith,Šaštín
Id41,culture,NA,NA,2,original,Slovenská_televízia_a_rozhlas,replacedOrganization,Rozhlas_a_televízia_Slovenska
Id41,culture,NA,NA,2,original,Slovenská_televízia_a_rozhlas,replacementYear,2024
Id42,other,NA,NA,1,original,Milan_Lapin,focusesOn,klimatológia
Id43,politics,NA,NA,3,original,Andrej_Kiska,formerPosition,prezident_Slovenska
Id43,politics,NA,NA,3,original,Andrej_Kiska,founded,Za_ľudí
Id43,politics,NA,NA,3,original,Za_ľudí,type,political_party
Id44,other,NA,NA,2,original,Pa_a_Pi,mainCharacters,mačky
Id44,other,NA,NA,2,original,Pa_a_Pi,type,seriál
Id45,culture,NA,NA,3,original,obálky_kníh_Harry_Potter_v_slovenskom_vydaní,designer,Adrián_Macho
Id45,culture,NA,NA,3,original,obálky_kníh_Harry_Potter_v_slovenskom_vydaní,language,slovenský
Id45,culture,NA,NA,3,original,obálky_kníh_Harry_Potter_v_slovenskom_vydaní,bookSeries,Harry_Potter
Id46,politics,NA,NA,1,original,Daňové_identifikačné_číslo_(DIČ),numberOfDigits,10
Id47,geography,NA,NA,2,original,Pavelková,locatedIn,Muránska_planina
Id47,geography,NA,NA,2,original,Muránska_planina,isA,geomorfologický_podcelok
Id48,sports,NA,NA,1,original,Medzinárodný_maratón_mieru_v_Košiciach,foundedBy,Vojtech_Bukovský
Id49,geography,NA,NA,1,original,Vihorlatské_vrchy,originType,sopečný
Id50,history,NA,NA,3,original,Academia_Istropolitana,foundedBy,Matej_Korvín
Id50,history,NA,NA,3,original,Academia_Istropolitana,location,Bratislava
Id50,history,NA,NA,3,original,Matej_Korvín,title,kráľ
Id51,geography,NA,NA,2,original,Trstená,hasCentralSquare,Námestie_Milana_Rastislava_Štefánika
Id51,geography,NA,NA,2,original,Námestie_Milana_Rastislava_Štefánika,isLocatedIn,Trstená
Id52,geography,NA,NA,1,original,Krahuľský_vrch,locatedAbove,Kremnica
Id53,history,NA,NA,2,original,Nemeckí_kolonisti,beganSettling,Poprad
Id53,history,NA,NA,2,original,Nemeckí_kolonisti,settlingPeriod,13th_Century
Id54,geography,NA,NA,2,original,Ľubochňa,isLocatedIn,Ružomberok
Id54,geography,NA,NA,2,original,Ružomberok,isTypeOf,okres
Id55,culture,NA,NA,3,original,Dr._Tomáš_Stach,characterIn,Doktori
Id55,culture,NA,NA,3,original,Doktori,isA,Slovak_TV_Series
Id55,culture,NA,NA,3,original,Alexander_Bárta,playedRole,Dr._Tomáš_Stach
Id56,culture,NA,NA,4,original,Slovenský_dokumentárny_film,title,Cesta_Magdalény_Robinsonovej
Id56,culture,NA,NA,4,original,Cesta_Magdalény_Robinsonovej,releaseYear,2008
Id56,culture,NA,NA,4,original,Cesta_Magdalény_Robinsonovej,depicts,životný_príbeh_židovskej_fotografky
Id56,culture,NA,NA,4,original,životný_príbeh_židovskej_fotografky,timePeriod,obdobie_Slovenského_štátu
Id57,culture,NA,NA,5,original,Generácia_NULA,foundingDate,2011-01-01
Id57,culture,NA,NA,5,original,Generácia_NULA,type,zoskupenie_básnikov
Id57,culture,NA,NA,5,original,Generácia_NULA,foundedBy,Peter_Papšo
Id57,culture,NA,NA,5,original,Generácia_NULA,foundedBy,Marcel_Páleš
Id57,culture,NA,NA,5,original,Generácia_NULA,location,Banská_Bystrica
Id58,history,NA,NA,3,original,Banská_Štiavnica,locationOf,prvá_banská_škola_v_Uhorsku
Id58,history,NA,NA,3,original,prvá_banská_škola_v_Uhorsku,foundingDate,1735-01-01
Id58,history,NA,NA,3,original,prvá_banská_škola_v_Uhorsku,country,Uhorsko
Id59,culture,NA,NA,6,original,Slovenská_filmová_a_televízna_akadémia,awards,Slnko_v_sieti
Id59,culture,NA,NA,6,original,Slnko_v_sieti,awardingStartDate,2004-01-01
Id59,culture,NA,NA,6,original,Slnko_v_sieti,category,filmové_ocenenie
Id59,culture,NA,NA,6,original,Slnko_v_sieti,purpose,najlepšie_snímky
Id59,culture,NA,NA,6,original,Slnko_v_sieti,purpose,umelecké_výkony
Id59,culture,NA,NA,6,original,Slnko_v_sieti,domain,slovenská_kinematografia
Id60,culture,NA,NA,5,original,Jana_Hubinská,nationality,slovenská
Id60,culture,NA,NA,5,original,Jana_Hubinská,profession,herečka
Id60,culture,NA,NA,5,original,Jana_Hubinská,awardReceived,Český_lev
Id60,culture,NA,NA,5,original,Český_lev,awardedFor,úloha_vo_filme_Děvčátko
Id60,culture,NA,NA,5,original,Děvčátko,type,film
Id61,history,NA,NA,6,original,Juraj_(VII.)_Turzo,hasResidence,Bytča
Id61,history,NA,NA,6,original,Juraj_(VII.)_Turzo,knownAs,bojovník_proti_Turkom
Id61,history,NA,NA,6,original,Juraj_(VII.)_Turzo,supports,Slováci
Id61,history,NA,NA,6,original,Juraj_(VII.)_Turzo,supports,protestantizmus
Id61,history,NA,NA,6,original,Juraj_(VII.)_Turzo,role,radca
Id61,history,NA,NA,6,original,Juraj_(VII.)_Turzo,advisorOf,Rudolf_II.
Id62,culture,NA,NA,4,original,Fontána_pre_Zuzanu,isA,hudobný_film
Id62,culture,NA,NA,4,original,Fontána_pre_Zuzanu,releaseYear,1986
Id62,culture,NA,NA,4,original,Fontána_pre_Zuzanu,basedOn,román_Eleonóry_Gašparovej
Id62,culture,NA,NA,4,original,Fontána_pre_Zuzanu,musicComposer,Vašo_Patejdl
Id63,culture,NA,NA,8,original,Miroslav_Šmajda,birthplace,Košice
Id63,culture,NA,NA,8,original,Miroslav_Šmajda,role,frontman
Id63,culture,NA,NA,8,original,Miroslav_Šmajda,band,Walda_Gang
Id63,culture,NA,NA,8,original,Miroslav_Šmajda,band,Terrapie
Id63,culture,NA,NA,8,original,Miroslav_Šmajda,competition,Česko_Slovenská_SuperStar
Id63,culture,NA,NA,8,original,Česko_Slovenská_SuperStar,season,1
Id63,culture,NA,NA,8,original,Česko_Slovenská_SuperStar,year,2009
Id63,culture,NA,NA,8,original,Miroslav_Šmajda,placement,2
Id64,geography,NA,NA,7,original,Dolný_Zemplín,consistsOf,Michalovce
Id64,geography,NA,NA,7,original,Dolný_Zemplín,consistsOf,Sobrance
Id64,geography,NA,NA,7,original,Dolný_Zemplín,consistsOf,Trebišov
Id64,geography,NA,NA,7,original,Michalovce,isTypeOf,okres
Id64,geography,NA,NA,7,original,Sobrance,isTypeOf,okres
Id64,geography,NA,NA,7,original,Trebišov,isTypeOf,okres
Id64,geography,NA,NA,7,original,Dolný_Zemplín,isTypeOf,slovenský_región
Id65,other,NA,NA,2,original,Eugen_Gressner,profession,slovenský_lekár
Id65,other,NA,NA,2,original,Eugen_Gressner,fieldOfExcellence,gerontológia
Id66,geography,NA,NA,4,original,Ostrožnica,location,okres_Snina
Id66,geography,NA,NA,4,original,Ostrožnica,type,slovenská_obec
Id66,geography,NA,NA,4,original,Ostrožnica,disappearanceDate,1980
Id66,geography,NA,NA,4,original,Ostrožnica,disappearanceReason,výstavba_Starinskej_priehrady
Id67,culture,NA,NA,4,original,"Pacho,_hybský_zbojník",releaseYear,1975
Id67,culture,NA,NA,4,original,Melichar,characterType,zbojník
Id67,culture,NA,NA,4,original,Melichar,portrayedBy,Michal_Hraška
Id67,culture,NA,NA,4,original,"Pacho,_hybský_zbojník",featuresCharacter,Melichar
Id68,culture,NA,NA,5,original,Škvrna_Records,publishedFor,IMT_Smile
Id68,culture,NA,NA,5,original,Škvrna_Records,publishedFor,Bukasový_masív
Id68,culture,NA,NA,5,original,Škvrna_Records,publishedFor,Gladiator
Id68,culture,NA,NA,5,original,Škvrna_Records,renamedTo,"Závodský,_s.r.o."
Id68,culture,NA,NA,5,original,Škvrna_Records,renameDate,1998-01-01
Id69,culture,NA,NA,3,original,Pavel_Paľo_Drapák,occupation,spevák
Id69,culture,NA,NA,3,original,Pavel_Paľo_Drapák,memberOf,Metalinda
Id69,culture,NA,NA,3,original,Metalinda,type,slovenská_skupina
Id70,sports,NA,NA,2,original,Michaela_Balcová,isA,slovenská_paralympijská_športovkyňa
Id70,sports,NA,NA,2,original,Michaela_Balcová,competesIn,boccia
Id71,culture,NA,NA,2,original,Postruheň,isA,Pečené_Jedlo
Id71,culture,NA,NA,2,original,Postruheň,madeFrom,Zvyšky_Chlebového_Cesta
Id72,politics,NA,NA,2,original,Eduard_Heger,foundingDate,2023
Id72,politics,NA,NA,2,original,Eduard_Heger,foundedPoliticalParty,Demokrati
Id73,history,NA,NA,2,original,Milan_Hodža,isFirst,slovenský_predseda_vlády_Česko-Slovenska
Id73,history,NA,NA,2,original,Česko-Slovensko,hasFirstSlovakPrimeMinister,Milan_Hodža
Id74,culture,NA,NA,2,original,Metalinda,releasedAlbum,Svetlo_na_druhom_brehu
Id74,culture,NA,NA,2,original,Svetlo_na_druhom_brehu,isAlbumOf,Metalinda
Id75,geography,NA,NA,2,original,Jakubov_dom,locatedIn,Bratislava
Id75,geography,NA,NA,2,original,Jakubov_dom,locatedOn,Hlavne_namestie
Id76,geography,NA,NA,1,original,Fatrikum,isTectonicUnitOf,Západné_Karpaty
Id77,culture,NA,NA,3,original,Na_love,hasModerator,Viktor_Vincze
Id77,culture,NA,NA,3,original,Na_love,isType,televízna_relácia
Id77,culture,NA,NA,3,original,Na_love,hasLanguage,slovenská
Id78,culture,NA,NA,3,original,Viktor_Vincze,occupation,moderator
Id78,culture,NA,NA,3,original,Viktor_Vincze,nationality,slovenský
Id78,culture,NA,NA,3,original,Adela_Vinczeova,spouseOf,Viktor_Vincze
Id79,history,NA,NA,1,original,Matej_Bel,placeOfOrigin,Očová
Id80,history,NA,NA,2,original,Hlas,publicationStartLocation,Skalica
Id80,history,NA,NA,2,original,Skalica,isCityIn,Slovakia
Id81,geography,NA,NA,1,original,Lysá,locatedIn,Slanské_Vrchy
Id82,culture,NA,NA,2,original,Markíza,broadcastsShow,Tvoja_tvár_znie_povedome
Id82,culture,NA,NA,2,original,Markíza,isA,televízna_stanica
Id83,history,NA,NA,1,original,Všeobecná_botanika,publishedBy,Slovenská_akadémia_vied_a_umení
Id84,culture,NA,NA,1,original,zbierka_básni_Nedeľa,author,Ladislav_Novomeský
Id85,culture,NA,NA,3,original,Michal_Dočolomanský,performedRole,Jánošík
Id85,culture,NA,NA,3,original,Jánošík,isTitleRoleIn,Na_skle_maľované
Id85,culture,NA,NA,3,original,Na_skle_maľované,isType,divadelná_hra
Id86,culture,NA,NA,2,original,Mariana_Komorová,wrote,Najväčšie_želanie
Id86,culture,NA,NA,2,original,Mariana_Komorová,wrote,Hľadať_a_nájsť
Id87,geography,NA,NA,2,original,Odeská_ulica,locatedIn,Podunajské_Biskupice
Id87,geography,NA,NA,2,original,Podunajské_Biskupice,isPartOf,Bratislava
Id88,history,NA,NA,2,original,Bazovská_ulica,locatedIn,Bratislava
Id88,history,NA,NA,2,original,Bazovská_ulica,namedAfter,Miloš_Alexander_Bazovský
Id89,geography,NA,NA,1,original,Veporské_vrchy,highestPeak,Fabova_hoľa
Id90,history,NA,NA,1,original,Pezinský_zámok,constructionCentury,13
Id91,politics,NA,NA,2,original,Národna_bločková_lotéria,declaredBy,ministerstvo_financií_Slovenskej_republiky
Id91,politics,NA,NA,2,original,ministerstvo_financií_Slovenskej_republiky,country,Slovensko
Id92,other,NA,NA,1,original,Doc._RNDr._Július_Krmešský,achievedInField,fyzika
Id93,geography,NA,NA,2,original,Tiesňava_Kyseľ,locatedIn,Slovenský_Raj
Id93,geography,NA,NA,2,original,Slovenský_Raj,isA,horské_pásmo
Id94,geography,NA,NA,2,original,Podunajské_Biskupice,isPartOf,Bratislava
Id94,geography,NA,NA,2,original,Podunajské_Biskupice,type,mestská_časť
Id95,geography,NA,NA,1,original,Zemplín,symbol,rieka_Laborec
Id96,history,NA,NA,2,original,Vavro_Šrobár,knownAs,Andrej_Bielik
Id96,history,NA,NA,2,original,Vavro_Šrobár,knownAs,Pozorovateľ
Id97,geography,NA,NA,1,original,Prešovský_kraj,hasCapital,Prešov
Id98,geography,NA,NA,2,original,Stredná_priemyselná_škola_stavebná,locatedOnStreet,Veľká_okružná
Id98,geography,NA,NA,2,original,Stredná_priemyselná_škola_stavebná,locatedInCity,Žilina
Id99,history,NA,NA,1,original,prvé_slovenské_gymnázium,placeOfOrigin,Revúca
Id100,geography,NA,NA,3,original,Slovensko,hasRiver,Hron
Id100,geography,NA,NA,3,original,Hron,rankByLength,2
Id100,geography,NA,NA,3,original,Hron,country,Slovensko
Id101,geography,NA,NA,2,original,Krompachy,isLocatedIn,Spišská_Nová_Ves
Id101,geography,NA,NA,2,original,Spišská_Nová_Ves,isTypeOf,okres
Id102,politics,NA,NA,1,original,Úrad_jadrového_dozoru_Slovenskej_republiky,firstChairman,Jozef_Mišák
Id103,geography,NA,NA,1,original,Martin_Rázus,birthPlace,Liptovský_Mikuláš
Id104,sports,NA,NA,2,original,Ivan_Schranz,isBestScorerOf,slovenské_národné_futbalové_mužstvo
Id104,sports,NA,NA,2,original,slovenské_národné_futbalové_mužstvo,participatedIn,EURO_2024
Id105,geography,NA,NA,3,original,Vrútky,locationOfConfluence,Váh_A_Turiec
Id105,geography,NA,NA,3,original,Váh,riverInConfluence,Turiec
Id105,geography,NA,NA,3,original,Váh_A_Turiec,confluenceLocation,Vrútky
Id106,sports,NA,NA,2,original,hokejbal,founder,Jaroslav_Melišek
Id106,sports,NA,NA,2,original,Jaroslav_Melišek,nationality,Slovensko
Id107,geography,NA,NA,4,original,Bratislava,hasCityPart,Petržalka
Id107,geography,NA,NA,4,original,Petržalka,isPartOf,Bratislava
Id107,geography,NA,NA,4,original,Petržalka,hasPopulationDensity,highest_in_Slovakia
Id107,geography,NA,NA,4,original,Petržalka,isMostPopulous,true
Id108,geography,NA,NA,1,original,Veľká_Fatra,highestPeak,Ostredok
Id109,history,NA,NA,1,original,Jozef_Ľudovít_Miloslav_Hurban,isFirstChairmanOf,Slovenská_národná_rada
Id110,culture,NA,NA,1,original,Tatrín,firstChairman,Michal_Miloslav_Hodža
Id111,history,NA,NA,2,original,Ľudovít_Štúr,adoptedMiddleName,Velislav
Id111,history,NA,NA,2,original,Ľudovít_Štúr,locationOfAdoption,Devín
Id112,history,NA,NA,3,original,Hlboké,locationOfEvent,Legalization_Of_Standard_Slovak
Id112,history,NA,NA,3,original,Legalization_Of_Standard_Slovak,eventType,Legalization
Id112,history,NA,NA,3,original,Legalization_Of_Standard_Slovak,objectOfLegalization,Spisovná_Slovenčina
Id113,culture,NA,NA,1,original,Sokol_Časopis_Pre_Krásno_Umenie_A_Literatúru,editor,Pavol_Dobšinský
Id114,geography,NA,NA,2,original,Machnáčov_grúň,locatedAbove,Čierny_Balog
Id114,geography,NA,NA,2,original,Čierny_Balog,isType,obec
Id115,geography,NA,NA,1,original,Rádio_Aetter,broadcastingLocation,Trnava
Id116,other,NA,NA,1,original,Ľubomír_Lisý,hasField,neurológia
Id117,geography,NA,NA,1,original,Šarišské_múzeum,locatedIn,Bardejov
Id118,geography,NA,NA,2,original,Sobášny_palác,locatedIn,Bytča
Id118,geography,NA,NA,2,original,Bytča,isA,slovenské_mesto
Id119,geography,NA,NA,1,original,Slovenská_národná_knižnica,headquarterLocation,Martin
Id120,culture,NA,NA,1,original,Pavol_Dobšinský,literaryPeriod,romantizmus
Id121,other,NA,NA,1,original,projekt_This_is_Kevin,hasLeader,Roman_Ferienc
Id122,geography,NA,NA,1,original,log_Mošoviec,containsAnimal,ovca
Id123,culture,NA,NA,3,original,Ester_Šimerová_Martinčeková,alsoKnownAs,prvá_dáma_slovenského_maliarstva
Id123,culture,NA,NA,3,original,Ester_Šimerová_Martinčeková,profession,maliarstvo
Id123,culture,NA,NA,3,original,prvá_dáma_slovenského_maliarstva,refersTo,Ester_Šimerová_Martinčeková
Id124,geography,NA,NA,1,original,Múzeum_Andreja_Kmeťa,location,Martin
Id125,geography,NA,NA,1,original,Galéria_Mikuláša_Galandu,locatedIn,Turčianske_Teplice
Id126,geography,NA,NA,1,original,Obec_Stráne_pod_Tatrami,locatedIn,okres_Kežmarok
Id127,culture,NA,NA,2,original,Roman_Grigely,knownAs,Momo
Id127,culture,NA,NA,2,original,Momo,artisticNameOf,Roman_Grigely
Id128,geography,NA,NA,1,original,Vodná_nádrž_Zemplínska_šírava,previouslyCalled,Vihorlatská_nádrž
Id129,other,NA,NA,2,original,skupina_Tristana,composer,Peter_Wilsen
Id129,other,NA,NA,2,original,skupina_Tristana,singer,Peter_Wilsen
Id130,history,NA,NA,2,original,námestie,locatedIn,Považská_Bystrica
Id130,history,NA,NA,2,original,námestie,namedAfter,Andrej_Hlinka
Id131,geography,NA,NA,1,original,Vozovňa_Solivar,locatedIn,Prešov
Id132,geography,NA,NA,1,original,Košická_univerzita,formerName,Právnická_akadémia
Id133,geography,NA,NA,1,original,Andrej_Kmeť,birthPlace,Bzenica
Id134,geography,NA,NA,1,original,Trnava,liesOnRiver,Trnávka
Id135,sports,NA,NA,2,original,Atlas_klub,placeOfOrigin,Pezinok
Id135,sports,NA,NA,2,original,Klub_Atlas_Sládkovičova,placeOfOrigin,Pezinok
Id136,geography,NA,NA,2,original,Čachtice,locatedIn,Nové_Mesto_nad_Váhom
Id136,geography,NA,NA,2,original,Nové_Mesto_nad_Váhom,isType,okres
Id137,geography,NA,NA,1,original,Štiavnica,riverSource,Banská_Štiavnica
Id138,geography,NA,NA,4,original,Žitný_ostrov,isA,riečny_ostrov
Id138,geography,NA,NA,4,original,Žitný_ostrov,location,Slovensko
Id138,geography,NA,NA,4,original,Žitný_ostrov,sizeRank,1
Id138,geography,NA,NA,4,original,Žitný_ostrov,region,Európa
Id139,other,NA,NA,3,original,Eva_Landlová,hasSon,Matej_Landl
Id139,other,NA,NA,3,original,Matej_Landl,isSonOf,Eva_Landlová
Id139,other,NA,NA,3,original,Matej_Landl,hasProfession,actor
Id140,geography,NA,NA,2,original,Malý_Dunaj,flowsInto,Dunaj
Id140,geography,NA,NA,2,original,Malý_Dunaj,confluenceLocation,Kolárovo
Id141,geography,NA,NA,2,original,Súdna_rada_Slovenskej_republiky,hasHeadquarters,Miestodržiteľský_palác
Id141,geography,NA,NA,2,original,Miestodržiteľský_palác,isLocatedIn,Bratislava
Id142,history,NA,NA,1,original,Andrej_Kmeť,alsoKnownAs,slovenský_Schliemann
Id143,other,NA,NA,1,original,Michal_Bacúrik,profession,speleológia
Id144,geography,NA,NA,2,original,Stredná_priemyselná_škola_strojnícka,location,Fajnorovo_nábrežie
Id144,geography,NA,NA,2,original,Fajnorovo_nábrežie,locatedIn,Bratislava
Id145,geography,NA,NA,2,original,Kúpeľný_ostrov,locatedOn,Váh
Id145,geography,NA,NA,2,original,Váh,isA,river
Id146,history,NA,NA,2,original,Emil_Belluš,hasAcademicTitle,profesor
Id146,history,NA,NA,2,original,profesor,isHighestAcademicTitle,true
Id147,geography,NA,NA,3,original,Pezinok,hasSquare,Hlavné_námestie
Id147,geography,NA,NA,3,original,Hlavné_námestie,currentName,Radničné_námestie
Id147,geography,NA,NA,3,original,Radničné_námestie,location,Pezinok
Id148,geography,NA,NA,5,original,Čadca,hasRiver,Kysuca
Id148,geography,NA,NA,5,original,Čadca,hasRiver,Čierňanka
Id148,geography,NA,NA,5,original,Kysuca,meetsRiver,Čierňanka
Id148,geography,NA,NA,5,original,Kysuca,meetingLocation,Čadca
Id148,geography,NA,NA,5,original,Čierňanka,meetingLocation,Čadca
Id149,geography,NA,NA,1,original,rieka_Ipeľ,sourceLocation,Veporské_vrchy
Id150,sports,NA,NA,1,original,Kamil_Čapkovič,playsProfessionally,tenis
Id151,geography,NA,NA,1,original,Múzeum_Janka_Kráľa,locatedIn,Liptovský_Mikuláš
Id152,geography,NA,NA,2,original,Mlynská_dolina,isPartOf,Karlova_Ves
Id152,geography,NA,NA,2,original,Karlova_Ves,isCityPartOf,Bratislava
Id153,geography,NA,NA,3,original,Tatranský_Národný_Park,hasAccessibleCave,Belinská_jaskyňa
Id153,geography,NA,NA,3,original,Belinská_jaskyňa,isLocatedIn,Tatranský_Národný_Park
Id153,geography,NA,NA,3,original,Belinská_jaskyňa,isAccessible,true
Id154,geography,NA,NA,1,original,Belianske_Tatry,highestPeak,Havran
Id155,culture,NA,NA,2,original,gitarové_múzeum,locatedIn,Sobranci
Id155,culture,NA,NA,2,original,gitarové_múzeum,instrumentType,gitara
Id156,geography,NA,NA,2,original,Klokočina,isLocatedIn,Nitra
Id156,geography,NA,NA,2,original,Klokočina,isType,Sídlisko_A_Mestská_Časť
Id157,other,NA,NA,4,original,Slovenská_lekárska_spoločnosť,presidentInYear,2024
Id157,other,NA,NA,4,original,Peter_Krištúfek,holdsPosition,prezident
Id157,other,NA,NA,4,original,Peter_Krištúfek,presidentOf,Slovenská_lekárska_spoločnosť
Id157,other,NA,NA,4,original,prezidentský_mandát,year,2024
Id158,geography,NA,NA,2,original,Hrad_Lietava,nearestRegionalCity,Žilina
Id158,geography,NA,NA,2,original,Žilina,isRegionalCity,true
Id159,geography,NA,NA,3,original,Kysucké_Nové_Mesto,isLocatedIn,Kysuce
Id159,geography,NA,NA,3,original,Kysucké_Nové_Mesto,isType,mesto
Id159,geography,NA,NA,3,original,Kysucké_Nové_Mesto,hasProperty,najstaršie
Id160,culture,NA,NA,1,original,Balneologické_múzeum_v_Piešťanoch,namedAfter,Imrich_Winter
Id161,history,NA,NA,1,original,Gorazd,originLocation,Okolie_Nitry
Id162,geography,NA,NA,2,original,Vrbové,isLocatedIn,Piešťany
Id162,geography,NA,NA,2,original,Piešťany,isTypeOf,okres
Id163,geography,NA,NA,2,original,Mochovce,contains,jadrová_elektráreň
Id163,geography,NA,NA,2,original,jadrová_elektráreň,location,Mochovce
Id164,geography,NA,NA,2,original,Bohunice,contains,atómová_elektráreň
Id164,geography,NA,NA,2,original,atómová_elektráreň,type,atomic_power_plant
Id165,other,NA,NA,2,original,Malženice,contains,paroplynová_elektráreň
Id165,other,NA,NA,2,original,paroplynová_elektráreň,type,combined_cycle_power_plant
Id166,geography,NA,NA,2,original,veterná_elektráreň,locatedIn,Skalité
Id166,geography,NA,NA,2,original,Skalité,isInDistrict,Čadca
Id167,history,NA,NA,3,original,archeologická_lokalita,locatedAbove,Liptovská_Mara
Id167,history,NA,NA,3,original,archeologická_lokalita,discovery,keltské_opevnenie
Id167,history,NA,NA,3,original,archeologická_lokalita,name,Havránok
Id168,geography,NA,NA,1,original,Múzeum_kysuckej_dediny,location,Vychylovka
Id169,geography,NA,NA,2,original,Súbor_Pamiatok_K_Osobnosti_Ľudovíta_Štúra,location,Modra
Id169,geography,NA,NA,2,original,Súbor_Pamiatok_K_Osobnosti_Ľudovíta_Štúra,relatedTo,Ľudovít_Štúr
Id170,geography,NA,NA,2,original,Mohyla_Milana_Rastislava_Štefánika,locatedOn,Bradlo
Id170,geography,NA,NA,2,original,Bradlo,isA,vrch
Id171,geography,NA,NA,1,original,Biskupický_kanál,builtOnRiver,Váh
Id172,culture,NA,NA,2,original,múzeum_v_Krupine,dedicatedTo,Andrej_Sládkovič
Id172,culture,NA,NA,2,original,múzeum_v_Krupine,locatedIn,Krupina
Id173,culture,NA,NA,2,original,Mária_Rázusová_Martáková,hasPseudonym,Ivo_Medin
Id173,culture,NA,NA,2,original,Mária_Rázusová_Martáková,isOccupation,spisovateľka
Id174,geography,NA,NA,2,original,Vodné_dielo_Čerenec,liesOn,Holeška
Id174,geography,NA,NA,2,original,Holeška,isA,potok
Id175,culture,NA,NA,1,original,Eugen_Suchoň,isFounderOf,slovenská_národná_opera
Id176,geography,NA,NA,1,original,Pamätná_izba_Jána_Hollého,location,Dobrej_Vode
Id177,culture,NA,NA,1,original,Anton_Bernolák,firstCodifierOf,spisovná_slovenčina
Id178,culture,NA,NA,2,original,prvá_kodifikovaná_forma_slovenčiny,hasName,bernolákovčina
Id178,culture,NA,NA,2,original,prvá_kodifikovaná_forma_slovenčiny,hasClaim,celospoločenská_platnosť
Id179,sports,NA,NA,1,original,Erik_Vlček,profession,kanoistika
Id180,politics,NA,NA,2,original,Ministerstvo_obrany,abbreviation,MO_SR
Id180,politics,NA,NA,2,original,MO_SR,represents,Ministerstvo_obrany
Id181,geography,NA,NA,1,original,Ľubomír_Feldek,birthPlace,Žilina
Id182,geography,NA,NA,1,original,Kňazský_seminár_sv._Františka_Xaverského,locatedIn,Badín
Id183,geography,NA,NA,2,original,Kulisovo,is,národná_prírodná_rezervácia
Id183,geography,NA,NA,2,original,Kulisovo,locatedIn,Badín
Id184,history,NA,NA,1,original,Kňazský_seminár_sv._Františka_Xaverského,partOf,Univerzita_Komenského
Id185,culture,NA,NA,1,original,Katolícke_noviny,publisher,spolok_sväteho_Vojtecha
Id186,culture,NA,NA,2,original,Ján_Palárik,authorOf,Zmierenie_alebo_Dobrodružstvo_pri_obžinkoch
Id186,culture,NA,NA,2,original,Zmierenie_alebo_Dobrodružstvo_pri_obžinkoch,genre,comedy
Id187,geography,NA,NA,1,original,Vodné_dielo_Gabčíkovo,builtOnRiver,Dunaj
Id188,culture,NA,NA,2,original,film_Sokoliar_Tomáš,basedOnScriptBy,Jozef_Cíger_Hronský
Id188,culture,NA,NA,2,original,Jozef_Cíger_Hronský,wroteScriptFor,film_Sokoliar_Tomáš
Id189,culture,NA,NA,2,original,Festival_Soaré,location,Banská_Bystrica
Id189,culture,NA,NA,2,original,Festival_Soaré,eventType,festival
Id190,geography,NA,NA,1,original,Poľana,isHighestPeakOf,Poľana
Id191,geography,NA,NA,3,original,CHKO_Dunajské_luhy,manages,Ostrovné_lúky
Id191,geography,NA,NA,3,original,Ostrovné_lúky,isA,chránené_vtáčie_územie
Id191,geography,NA,NA,3,original,Ostrovné_lúky,locatedIn,Nitriansky_kraj
Id192,geography,NA,NA,2,original,Trenčín,location,Údolie_Váh
Id192,geography,NA,NA,2,original,Údolie_Váh,containsRiver,Váh
Id193,culture,NA,NA,1,original,Zdena_Studenková,isA,slovenská_herečka
Id194,history,NA,NA,5,original,Trojica,represents,Historické_Slovenské_Národné_Hnutie
Id194,history,NA,NA,5,original,Trojica,hasMembers,Štúr
Id194,history,NA,NA,5,original,Trojica,hasMembers,Hurban
Id194,history,NA,NA,5,original,Trojica,hasMembers,Hodža
Id194,history,NA,NA,5,original,Trojica,isMostFamous,true
Id195,FAIL,NA,NA,5,original,Univerzita_Komenského_v_Bratislave,isType,univerzita
Id195,FAIL,NA,NA,5,original,Univerzita_Komenského_v_Bratislave,country,Slovensko
Id195,FAIL,NA,NA,5,original,Univerzita_Komenského_v_Bratislave,status,aktívna
Id195,FAIL,NA,NA,5,original,Univerzita_Komenského_v_Bratislave,isOldest,true
Id195,FAIL,NA,NA,5,original,Univerzita_Komenského_v_Bratislave,isLargest,true
Id196,geography,NA,NA,2,original,Most_SNP,unofficialNickname,UFO_most
Id196,geography,NA,NA,2,original,Most_SNP,location,Bratislava
Id197,history,NA,NA,2,original,Bratislava,oldGermanName,Pressburg
Id197,history,NA,NA,2,original,Bratislava,oldGreekName,Istropolis
Id198,history,NA,NA,1,original,Pribina,ruledIn,Nitrianske_Kniežatstvo
Id199,geography,NA,NA,3,original,vážska_kaskáda,isA,systém
Id199,geography,NA,NA,3,original,vážska_kaskáda,contains,priehrady
Id199,geography,NA,NA,3,original,vážska_kaskáda,contains,vodné_elektrárne
Id200,geography,NA,NA,3,original,Budova,location,Bratislava
Id200,geography,NA,NA,3,original,Budova,oppositeTo,OC_Avion
Id200,geography,NA,NA,3,original,Budova,belongsTo,Ikea
Id201,culture,NA,NA,3,original,slovenské_nárečia,dividedInto,západoslovenské
Id201,culture,NA,NA,3,original,slovenské_nárečia,dividedInto,stredoslovenské
Id201,culture,NA,NA,3,original,slovenské_nárečia,dividedInto,východoslovenské
Id202,geography,NA,NA,1,original,Budova_Slovenského_rozhlasu,designatedAs,Obrátená_pyramída
Id203,geography,NA,NA,1,original,rieka_Teplica,unofficialName,Žarnovica
Id204,history,NA,NA,2,original,Anton_Bernolák,attemptedToCodify,slovenčina
Id204,history,NA,NA,2,original,Anton_Bernolák,basisForCodification,západoslovenské_nárečie
Id205,geography,NA,NA,1,original,stará_slovenská_20_halierová_minca,depicts,Kriváň
Id206,culture,NA,NA,1,original,"Pesníčka_""Cesty_II._triedy""",author,IMT_Smile
Id207,geography,NA,NA,4,original,Morské_Oko,locatedIn,Vihorlatské_vrchy
Id207,geography,NA,NA,4,original,Morské_Oko,type,jazero
Id207,geography,NA,NA,4,original,Morské_Oko,country,Slovensko
Id207,geography,NA,NA,4,original,Vihorlatské_vrchy,type,pohorie
Id208,politics,NA,NA,2,original,Ján_Slota,isKnownFor,hatred_towards_Maďarom
Id208,politics,NA,NA,2,original,Ján_Slota,profession,slovenský_politik
Id209,geography,NA,NA,2,original,Devínska_Brána,locatedIn,Údolie_Dunaja
Id209,geography,NA,NA,2,original,Údolie_Dunaja,contains,Dunaj
Id210,history,NA,NA,2,original,Morové_stĺpy,isA,pamiatka
Id210,history,NA,NA,2,original,Morové_stĺpy,commemorates,ukončenie_morovej_epidémie
Id211,geography,NA,NA,5,original,západná_časť,partOf,D2
Id211,geography,NA,NA,5,original,D2,type,dialnica
Id211,geography,NA,NA,5,original,západná_časť,startsAt,cezhraničný_most_nad_riekou_Morava
Id211,geography,NA,NA,5,original,cezhraničný_most_nad_riekou_Morava,location,štátna_hranica_Česko/Slovensko
Id211,geography,NA,NA,5,original,cezhraničný_most_nad_riekou_Morava,crosses,rieka_Morava
Id212,history,NA,NA,1,original,Moravianska_Venuša,foundIn,Piešťany
Id213,geography,NA,NA,1,original,Slovenská_Štátna_opera,location,Banská_Bystrica
Id214,geography,NA,NA,1,original,Prievidza,locatedIn,Trenčiansky_kraj
Id215,geography,NA,NA,4,original,Devínsky_hrad,location,vedľa_sútoku
Id215,geography,NA,NA,4,original,vedľa_sútoku,nearRivers,Dunaj_a_Morava
Id215,geography,NA,NA,4,original,Dunaj,riverType,river
Id215,geography,NA,NA,4,original,Morava,riverType,river
Id216,politics,NA,NA,3,original,parlamentné_voľby,year,2006
Id216,politics,NA,NA,3,original,parlamentné_voľby,winner,Smer_Sociálna_Demokracia
Id216,politics,NA,NA,3,original,Smer_Sociálna_Demokracia,type,slovenská_politická_strana
Id217,geography,NA,NA,2,original,Ostredok,locatedIn,Velka_Fatra
Id217,geography,NA,NA,2,original,Velka_Fatra,isA,Podhorie
Id218,geography,NA,NA,2,original,Južný_obchvat_Nitry,forms,R1
Id218,geography,NA,NA,2,original,R1,isA,diaľnica
Id219,sports,NA,NA,3,original,Najväčší_Trenčiansky_hokejový_klub,hasName,HK_Dukla_Trenčín
Id219,sports,NA,NA,3,original,HK_Dukla_Trenčín,isType,hokejový_klub
Id219,sports,NA,NA,3,original,HK_Dukla_Trenčín,isLocatedIn,Trenčín
Id220,geography,NA,NA,3,original,Bratislavský_kraj,isRegionOf,Slovensko
Id220,geography,NA,NA,3,original,Bratislavský_kraj,hasAreaSize,smallest
Id220,geography,NA,NA,3,original,Bratislavský_kraj,regionType,kraj
Id221,geography,NA,NA,1,original,Zuberec,locatedIn,Tatranský_Národný_Park
Id222,geography,NA,NA,3,original,slovenské_Tatry,contains,Veľké_Hincovo_pleso
Id222,geography,NA,NA,3,original,Veľké_Hincovo_pleso,isLargest,pleso
Id222,geography,NA,NA,3,original,Veľké_Hincovo_pleso,location,slovenské_Tatry
Id223,history,NA,NA,3,original,hlavný_predstaviteľ_samosprávy_dediny,calledBefore,richtár
Id223,history,NA,NA,3,original,richtár,validUntil,1918-01-01
Id223,history,NA,NA,3,original,richtár,location,Slovensko
Id224,geography,NA,NA,1,original,Rieka_Hron,originatesIn,Národný_park_Nízke_Tatry
Id225,geography,NA,NA,1,original,Nízke_Tatry,highestPeak,Ďumbier
Id226,history,NA,NA,1,original,Ministerstvo_životného_prostredia_Slovenskej_republiky,originalName,Slovenská_komisia_pre_životné_prostredie
Id227,geography,NA,NA,2,original,Šariš,hasCenter,Prešov
Id227,geography,NA,NA,2,original,Prešov,isType,mesto
Id228,geography,NA,NA,3,original,Šebastovce,isPartOf,Košice
Id228,geography,NA,NA,3,original,Šebastovce,district,Košice_IV
Id228,geography,NA,NA,3,original,Košice_IV,contains,Šebastovce
Id229,geography,NA,NA,2,original,Štrba,connectedBy,Ozubnicová_Trať
Id229,geography,NA,NA,2,original,Ozubnicová_Trať,connects,Štrbské_Pleso
Id230,history,NA,NA,1,original,Milan_Rastislav_Štefánik,studied,Astronomy
Id231,sports,NA,NA,1,original,Slovenský_pohár_vo_vodnom_póle_mužov,mostSuccessfulClub,KVP_Nováky
Id232,other,NA,NA,2,original,Denník_N,publishes,Minúta_po_Minúte
Id232,other,NA,NA,2,original,Minúta_po_Minúte,isA,brief_news_broadcast
Id233,geography,NA,NA,1,original,Čierny_Váh,sourceLocation,Pod_Kráľovou_hoľou
Id234,sports,NA,NA,3,original,Nitra,largestHockeyClub,HK_Nitra
Id234,sports,NA,NA,3,original,HK_Nitra,clubType,hockey
Id234,sports,NA,NA,3,original,HK_Nitra,locatedIn,Nitra
Id235,culture,NA,NA,4,original,Jana_Kirschner,occupation,speváčka
Id235,culture,NA,NA,4,original,Jana_Kirschner,authorOf,titulná_pieseň
Id235,culture,NA,NA,4,original,titulná_pieseň,belongsTo,Pokoj_v_duši
Id235,culture,NA,NA,4,original,Pokoj_v_duši,type,film
Id236,history,NA,NA,2,original,Februárový_prevrat,occurredInYear,1948
Id236,history,NA,NA,2,original,Februárový_prevrat,location,Slovensko
Id237,culture,NA,NA,2,original,OVCE.sk,warnsAbout,nástrahy_internet
Id237,culture,NA,NA,2,original,OVCE.sk,isA,slovenský_seriál
Id238,culture,NA,NA,5,original,Najstaršia_slovenská_vysoká_škola_zameraná_na_výtvarné_umenie,name,Vysoká_škola_výtvarných_umení_v_Bratislave
Id238,culture,NA,NA,5,original,Vysoká_škola_výtvarných_umení_v_Bratislave,focus,výtvarné_umenie
Id238,culture,NA,NA,5,original,Vysoká_škola_výtvarných_umení_v_Bratislave,location,Bratislava
Id238,culture,NA,NA,5,original,Vysoká_škola_výtvarných_umení_v_Bratislave,type,vysoká_škola
Id238,culture,NA,NA,5,original,Vysoká_škola_výtvarných_umení_v_Bratislave,attribute,najstaršia
Id239,geography,NA,NA,1,original,Primátor_Bratislavy,residesIn,Primaciálny_palác
Id240,geography,NA,NA,1,original,Poprad,called,Vstupná_Brána_Do_Vysokých_Tatier
Id241,geography,NA,NA,3,original,Most_SNP,location,Bratislava
Id241,geography,NA,NA,3,original,Most_SNP,hasPillarsIn,Dunaj
Id241,geography,NA,NA,3,original,Most_SNP,numberOfPillarsInDunaj,0
Id242,culture,NA,NA,3,original,Slovenská_skupina,hasName,Hex
Id242,culture,NA,NA,3,original,Hex,releasedAlbum,Nikdy_nebolo_lepšie
Id242,culture,NA,NA,3,original,Hex,isType,slovenská_skupina
Id243,geography,NA,NA,2,original,Najsevernejší_bod_Slovenska,locatedInRegion,Orava
Id243,geography,NA,NA,2,original,Orava,isRegionOf,Slovensko
Id244,sports,NA,NA,3,original,Adam_Žampa,nationality,slovenský
Id244,sports,NA,NA,3,original,Adam_Žampa,profession,športovec
Id244,sports,NA,NA,3,original,Adam_Žampa,specializesIn,zjazdové_lyžovanie
Id245,history,NA,NA,1,original,Ľudovít_Štúr,birthPlace,Uhrovec
Id246,geography,NA,NA,2,original,Zemplínska_Šírava,isLocatedNear,Michalovce
Id246,geography,NA,NA,2,original,Zemplínska_Šírava,isType,water_reservoir
Id247,politics,NA,NA,3,original,Andrej_Kiska,defeatedInElection,Robert_Fico
Id247,politics,NA,NA,3,original,Andrej_Kiska,electionType,presidential_election
Id247,politics,NA,NA,3,original,Andrej_Kiska,electionYear,2014
Id248,geography,NA,NA,3,original,Kramáre,locatedIn,Nové_Mesto
Id248,geography,NA,NA,3,original,Nové_Mesto,isPartOf,Bratislava
Id248,geography,NA,NA,3,original,Nové_Mesto,isA,mestská_časť
Id249,geography,NA,NA,4,original,Najvýchodnejší_slovenský_národný_park,name,Národný_park_Poloniny
Id249,geography,NA,NA,4,original,Národný_park_Poloniny,type,národný_park
Id249,geography,NA,NA,4,original,Národný_park_Poloniny,location,Slovensko
Id249,geography,NA,NA,4,original,Národný_park_Poloniny,position,najvýchodnejší
Id250,geography,NA,NA,1,original,D1,passesNear,Nové_Mesto_nad_Váhom
Id251,geography,NA,NA,1,original,Rozprávková_dedinka_Habakuky,locatedIn,Donovaly
Id252,geography,NA,NA,4,original,Čierny_Balog,isLocatedIn,Slovakia
Id252,geography,NA,NA,4,original,železničná_trať,passesThrough,Čierny_Balog
Id252,geography,NA,NA,4,original,železničná_trať,passesThrough,futbalové_ihrisko
Id252,geography,NA,NA,4,original,futbalové_ihrisko,isLocatedIn,Čierny_Balog
Id253,geography,NA,NA,1,original,Oravské_Beskydy,highestPeak,Babia_hora
Id254,geography,NA,NA,2,original,Historická_budova_Slovenského_národného_divadla,location,Hviezdoslavovo_námestie
Id254,geography,NA,NA,2,original,Hviezdoslavovo_námestie,locatedIn,Bratislava
Id255,geography,NA,NA,5,original,Kremnica,locationOf,najstaršia_dodnes_existujúca_mincovňa_na_svete
Id255,geography,NA,NA,5,original,najstaršia_dodnes_existujúca_mincovňa_na_svete,isIn,Kremnica
Id255,geography,NA,NA,5,original,najstaršia_dodnes_existujúca_mincovňa_na_svete,type,mincovňa
Id255,geography,NA,NA,5,original,najstaršia_dodnes_existujúca_mincovňa_na_svete,status,dodnes_existujúca
Id255,geography,NA,NA,5,original,najstaršia_dodnes_existujúca_mincovňa_na_svete,age,najstaršia
Id256,culture,NA,NA,2,original,Nox_Et_Solitudo,author,Ivan_Krasko
Id256,culture,NA,NA,2,original,Ivan_Krasko,isAuthorOf,Nox_Et_Solitudo
Id257,politics,NA,NA,5,original,Ivan_Gašparovič,nationality,slovenský
Id257,politics,NA,NA,5,original,Ivan_Gašparovič,profession,politik
Id257,politics,NA,NA,5,original,Ivan_Gašparovič,position,prezident
Id257,politics,NA,NA,5,original,Ivan_Gašparovič,numberOfTerms,2
Id257,politics,NA,NA,5,original,Ivan_Gašparovič,uniqueness,jediný
Id258,politics,NA,NA,1,original,Národná_rada_Slovenskej_republiky,numberOfMembers,150
Id259,history,NA,NA,3,original,Najstaršia_univerzita_na_území_Slovenska,foundingDate,1465-01-01
Id259,history,NA,NA,3,original,Najstaršia_univerzita_na_území_Slovenska,name,Universitas_Istropolitana
Id259,history,NA,NA,3,original,Universitas_Istropolitana,location,území_Slovenska
Id260,politics,NA,NA,3,original,parlamentné_voľby,year,2023
Id260,politics,NA,NA,3,original,Slovenská_republika,ministerOfCulture,Martina_Šimkovičová
Id260,politics,NA,NA,3,original,Martina_Šimkovičová,becameMinisterAfter,parlamentné_voľby_2023
Id261,geography,NA,NA,4,original,Univerzita_Pavla_Jozefa_Šafárika_v_Košiciach,isLocatedIn,Košice
Id261,geography,NA,NA,4,original,Univerzita_Pavla_Jozefa_Šafárika_v_Košiciach,isTypeOf,univerzita
Id261,geography,NA,NA,4,original,Univerzita_Pavla_Jozefa_Šafárika_v_Košiciach,rankByAge,2
Id261,geography,NA,NA,4,original,Univerzita_Pavla_Jozefa_Šafárika_v_Košiciach,isInCountry,Slovensko
Id262,geography,NA,NA,5,original,Fakulta_matematiky_fyziky_a_informatiky_Univerzity_Komenského_v_Bratislave,hasBuildingIn,Mlynská_dolina
Id262,geography,NA,NA,5,original,Mlynská_dolina,isPartOf,Bratislava
Id262,geography,NA,NA,5,original,Mlynská_dolina,hasMany,študenti
Id262,geography,NA,NA,5,original,študenti,include,študenti_FMFI_UK
Id262,geography,NA,NA,5,original,študenti,include,iní_študenti
Id263,history,NA,NA,1,original,Matica_slovenská,foundingCentury,19
Id264,other,NA,NA,3,original,nemocnica,hasName,Philippa_Pinela
Id264,other,NA,NA,3,original,nemocnica,location,Pezinok
Id264,other,NA,NA,3,original,nemocnica,type,Psychiatrická
Id265,geography,NA,NA,1,original,Oravská_Magura,highestPeak,Minčol
Id266,culture,NA,NA,1,original,Humenné,largestMinority,Rusíni
Id267,geography,NA,NA,2,original,Slovenský_kras,contains,jaskyne
Id267,geography,NA,NA,2,original,jaskyne,approximateCount,1300
Id268,culture,NA,NA,4,original,Boy_Wonder,occupation,raper
Id268,culture,NA,NA,4,original,Boy_Wonder,occupation,producent
Id268,culture,NA,NA,4,original,Boy_Wonder,nationality,slovenský
Id268,culture,NA,NA,4,original,Boy_Wonder,realName,Lukáš_Jedlička
Id269,geography,NA,NA,2,original,Hrušov,isLocatedIn,Rožňava
Id269,geography,NA,NA,2,original,Rožňava,isTypeOf,okres
Id270,sports,NA,NA,2,original,volejbalová_extraliga_mužov_na_Slovensku,year,2024
Id270,sports,NA,NA,2,original,volejbalová_extraliga_mužov_na_Slovensku,numberOfTeams,7
Id271,geography,NA,NA,1,original,Topľa,flowsInto,Ondava
Id272,geography,NA,NA,2,original,prvá_veterná_elektráreň,location,Cerová
Id272,geography,NA,NA,2,original,prvá_veterná_elektráreň,country,Slovensko
Id273,geography,NA,NA,3,original,Matej_Tóth,nationality,slovenský
Id273,geography,NA,NA,3,original,Matej_Tóth,profession,atlét
Id273,geography,NA,NA,3,original,Matej_Tóth,birthPlace,Nitra
Id274,culture,NA,NA,8,original,Ivan_Matúšik,nationality,slovenský
Id274,culture,NA,NA,8,original,Ivan_Matúšik,profession,architekt
Id274,culture,NA,NA,8,original,Ivan_Matúšik,designed,komplex_Prior
Id274,culture,NA,NA,8,original,Ivan_Matúšik,designed,hotel_Kyjev
Id274,culture,NA,NA,8,original,komplex_Prior,location,Kamenné_námestie
Id274,culture,NA,NA,8,original,hotel_Kyjev,location,Kamenné_námestie
Id274,culture,NA,NA,8,original,Kamenné_námestie,city,Bratislava
Id274,culture,NA,NA,8,original,Ivan_Matúšik,receivedAward,cena_Dušana_Jurkoviča
Id275,politics,NA,NA,5,original,Jaroslav_Spišiak,formerPosition,bývalý_policajný_prezident
Id275,politics,NA,NA,5,original,Jaroslav_Spišiak,participatedIn,parlamentné_voľby_2023
Id275,politics,NA,NA,5,original,parlamentné_voľby_2023,location,Slovensko
Id275,politics,NA,NA,5,original,Jaroslav_Spišiak,representedParty,Progresívne_Slovensko
Id275,politics,NA,NA,5,original,parlamentné_voľby_2023,year,2023
Id276,geography,NA,NA,3,original,Hron,isSignificantRiver,true
Id276,geography,NA,NA,3,original,Hron,flowsThrough,Zvolen
Id276,geography,NA,NA,3,original,Hron,country,Slovensko
Id277,culture,NA,NA,5,original,Bánhidské_nárečie,partOf,Západoslovenská_časť
Id277,culture,NA,NA,5,original,Bánhidské_nárečie,isTypeOf,Slovenské_nárečie
Id277,culture,NA,NA,5,original,Bánhidské_nárečie,hasCharacteristicForm,venku
Id277,culture,NA,NA,5,original,Bánhidské_nárečie,hasCharacteristicForm,jedenác
Id277,culture,NA,NA,5,original,Bánhidské_nárečie,hasCharacteristicForm,čepec
Id278,geography,NA,NA,2,original,okres_Levice,isLargest,okres
Id278,geography,NA,NA,2,original,okres_Levice,location,Slovensko
Id279,geography,NA,NA,3,original,Váh,isLongestRiverIn,Slovakia
Id279,geography,NA,NA,3,original,Váh,formedByConfluenceOf,Čierny_Váh
Id279,geography,NA,NA,3,original,Váh,formedByConfluenceOf,Biely_Váh
Id280,history,NA,NA,5,original,Jozef_Murgaš,nationality,slovenský
Id280,history,NA,NA,5,original,Jozef_Murgaš,profession,vynálezca
Id280,history,NA,NA,5,original,Jozef_Murgaš,profession,priekopník
Id280,history,NA,NA,5,original,Jozef_Murgaš,fieldOfWork,bezdrôtová_komunikácia
Id280,history,NA,NA,5,original,Jozef_Murgaš,birthPlace,Tajov
Id281,culture,NA,NA,3,original,Najdlhšia_ľúbostná_báseň_na_svete,writtenBy,známym_slovenským_básnikom
Id281,culture,NA,NA,3,original,známym_slovenským_básnikom,timePeriod,19_storočia
Id281,culture,NA,NA,3,original,Najdlhšia_ľúbostná_báseň_na_svete,hasName,Marína
Id282,culture,NA,NA,2,original,Reduta,locatedIn,Bratislava
Id282,culture,NA,NA,2,original,Reduta,currentlyServes,Slovenská_filharmónia
Id283,culture,NA,NA,2,original,Košice,became,Európske_hlavné_mesto_kultúry
Id283,culture,NA,NA,2,original,Košice,becameInYear,2013
Id284,sports,NA,NA,7,original,Miloslav_Mečíř,nationality,slovenský
Id284,sports,NA,NA,7,original,Miloslav_Mečíř,profession,tenista
Id284,sports,NA,NA,7,original,Miloslav_Mečíř,achieved,olympijskú_zlatú_medailu
Id284,sports,NA,NA,7,original,Miloslav_Mečíř,yearOfAchievement,1988
Id284,sports,NA,NA,7,original,Miloslav_Mečíř,representedCountry,Československo
Id284,sports,NA,NA,7,original,olympijskú_zlatú_medailu,event,LOH_v_Soule
Id284,sports,NA,NA,7,original,LOH_v_Soule,year,1988
Id285,geography,NA,NA,2,original,Rudolf_Schuster,formerPresidentOf,Slovenská_republika
Id285,geography,NA,NA,2,original,Rudolf_Schuster,birthPlace,Košice
Id286,geography,NA,NA,3,original,Siaha,isPartOf,Považský_Inovec
Id286,geography,NA,NA,3,original,Siaha,isHighestPeakOf,Považský_Inovec
Id286,geography,NA,NA,3,original,Siaha,elevation,1042
Id287,geography,NA,NA,3,original,Zemetrasenie_pri_Humennom,location,Humenné
Id287,geography,NA,NA,3,original,Zemetrasenie_pri_Humennom,date,2023-10
Id287,geography,NA,NA,3,original,Zemetrasenie_pri_Humennom,magnitude,4.9
Id288,history,NA,NA,6,original,Prešov,visitedBy,Ján_Pavol_II
Id288,history,NA,NA,6,original,Prešov,visitedBy,František
Id288,history,NA,NA,6,original,Ján_Pavol_II,isA,pápež
Id288,history,NA,NA,6,original,František,isA,pápež
Id288,history,NA,NA,6,original,Ján_Pavol_II,visitTimeframe,1996-04-29
Id288,history,NA,NA,6,original,František,visitTimeframe,2021-09-14
Id289,culture,NA,NA,3,original,Jozef_Karvaš,isA,slovenský_hudobník
Id289,culture,NA,NA,3,original,Jozef_Karvaš,isA,trubkár
Id289,culture,NA,NA,3,original,Jozef_Karvaš,isKnownFor,Ďez
Id290,geography,NA,NA,2,original,Dukliansky_Priesmyk,isEndOf,Cesta_hrdinov_SNP
Id290,geography,NA,NA,2,original,Devín,isEndOf,Cesta_hrdinov_SNP
Id291,sports,NA,NA,2,original,Anastasiya_Kuzminová,totalOlympicGoldMedals,3
Id291,sports,NA,NA,2,original,Anastasiya_Kuzminová,representsCountry,Slovensko
Id292,geography,NA,NA,3,original,Cerova_vrchovina,highestPeak,Karanč
Id292,geography,NA,NA,3,original,Karanč,elevation,728
Id292,geography,NA,NA,3,original,Karanč,isAbove,1000
Id293,geography,NA,NA,3,original,Schaubmarov,isLocatedIn,Pezinok
Id293,geography,NA,NA,3,original,Schaubmarov,type,Water_Mill
Id293,geography,NA,NA,3,original,Schaubmarov,sizeRank,Largest_In_Europe
Id294,other,NA,NA,2,original,Univerzita_Komenského_v_Bratislave,numberOfFaculties,13
Id294,other,NA,NA,2,original,Univerzita_Komenského_v_Bratislave,asOfDate,2026-04-29
Id295,culture,NA,NA,2,original,Karol_Duchoň,profession,spevák
Id295,culture,NA,NA,2,original,Karol_Duchoň,ageAtDeath,35
Id296,geography,NA,NA,2,original,Budatínsky_zámok,locatedIn,Žilina
Id296,geography,NA,NA,2,original,Žilina,isA,slovenské_mesto
Id297,sports,NA,NA,2,original,Martin_Skrtel,numberOfTimes,4
Id297,sports,NA,NA,2,original,Martin_Skrtel,award,slovenský_futbalista_roka
Id298,sports,NA,NA,3,original,Slovensko,olympicMedalsInSwimming,2
Id298,sports,NA,NA,3,original,Martina_Moravcová,responsibleFor,olympicMedalsInSwimming
Id298,sports,NA,NA,3,original,olympicMedalsInSwimming,country,Slovensko
Id299,culture,NA,NA,5,original,Gorazdov_Močenok,isGenre,kresťanského_divadla
Id299,culture,NA,NA,5,original,Gorazdov_Močenok,eventType,festival
Id299,culture,NA,NA,5,original,Gorazdov_Močenok,occursAnnually,true
Id299,culture,NA,NA,5,original,Gorazdov_Močenok,startingYear,1993
Id299,culture,NA,NA,5,original,Gorazdov_Močenok,location,Močanok
Id300,geography,NA,NA,3,original,búracie_práce,startYear,2019
Id300,geography,NA,NA,3,original,búracie_práce,location,biznis_centrum_Apollo
Id300,geography,NA,NA,3,original,biznis_centrum_Apollo,city,Bratislava
Id301,sports,NA,NA,2,original,1._FCB_Trenčín,isMostSuccessfulTeam,najvyššia_slovenská_florbalová_liga
Id301,sports,NA,NA,2,original,1._FCB_Trenčín,successMetric,počet_titulov
Id302,geography,NA,NA,1,original,Domašínsky_meander,locatedOn,Váh
Id303,culture,NA,NA,5,original,Viliama_Klimáčka,knownAs,herca
Id303,culture,NA,NA,5,original,Viliama_Klimáčka,knownAs,scenáristu
Id303,culture,NA,NA,5,original,Viliama_Klimáčka,knownAs,herca_divadla_GUnaGU
Id303,culture,NA,NA,5,original,Viliama_Klimáčka,studiedAt,lekárska_fakulta_UK_v_Bratislave
Id303,culture,NA,NA,5,original,Viliama_Klimáčka,profession,anesteziológ
Id304,culture,NA,NA,2,original,Viliam_Polónyi,profession,Herec
Id304,culture,NA,NA,2,original,Viliam_Polónyi,dedicatedTo,herectvo
Id305,culture,NA,NA,3,original,Gejza_Dusík,coFounded,Opereta
Id305,culture,NA,NA,3,original,Pavol_Braxatoris,coFounded,Opereta
Id305,culture,NA,NA,3,original,Opereta,countryOfOrigin,Slovensko
Id306,geography,NA,NA,3,original,Bazilika_Sedembolestnej_Panny_Márie,locatedIn,Šaštín-Stráže
Id306,geography,NA,NA,3,original,Šaštín-Stráže,isA,pútnicky_významné_mesto
Id306,geography,NA,NA,3,original,Šaštín-Stráže,locatedIn,Slovensko
Id307,geography,NA,NA,3,original,Horné_Saliby,isType,obec
Id307,geography,NA,NA,3,original,Horné_Saliby,belongsToDistrict,Galanta
Id307,geography,NA,NA,3,original,väčšina_obyvateľstva,declaresNationality,maďarská
Id308,culture,NA,NA,4,original,Pa_a_Pi,seriesType,animated_series
Id308,culture,NA,NA,4,original,Pa_a_Pi,countryOfOrigin,Czechoslovakia
Id308,culture,NA,NA,4,original,Marika_Gombitová,performed,intro_song
Id308,culture,NA,NA,4,original,intro_song,belongsTo,Pa_a_Pi
Id309,culture,NA,NA,3,original,Polemic,musicGenre,Ska_Reggae
Id309,culture,NA,NA,3,original,Polemic,nationality,Slovenská
Id309,culture,NA,NA,3,original,Polemic,performsSong,Komplikovaná
Id310,culture,NA,NA,1,original,Metalinda,recordedAlbum,Za_všetky_prachy
Id311,geography,NA,NA,2,original,minerálna_voda,obtainedFrom,Fatra_II./BU-2
Id311,geography,NA,NA,2,original,minerálna_voda,name,Fatra
Id312,history,NA,NA,1,original,Slovenské_ucené_tovarišstvo,foundingLocation,Trnava
Id313,geography,NA,NA,1,original,Okres_Veľký_Krtíš,locatedIn,Banskobystrický_kraj
Id314,politics,NA,NA,2,original,Slovenská_republika,firstPrimeMinister,Vladimír_Mečiar
Id314,politics,NA,NA,2,original,Vladimír_Mečiar,position,predseda_vlády
Id315,geography,NA,NA,1,original,Jankov_vŕšok,locatedIn,Stražovské_vrchy
Id316,geography,NA,NA,1,original,Váh,isLongestRiverIn,Slovakia
Id317,sports,NA,NA,2,original,Najvyššia_futbalová_liga_na_Slovensku,name,Fortuna_liga
Id317,sports,NA,NA,2,original,Najvyššia_futbalová_liga_na_Slovensku,timePeriod,2014-01-01/2023-12-31
Id318,geography,NA,NA,1,original,Múzeum_školstva_a_pedagogiky,location,Bratislava
Id319,culture,NA,NA,1,original,Darina_Rolincová,performedAlbum,Čo_o_mne_vieš
Id320,geography,NA,NA,1,original,Slovenská_poľnohospodárska_univerzita,locatedIn,Nitra
Id321,politics,NA,NA,2,original,Mladí_SaSkári,isYouthOrganizationOf,Sloboda_a_Solidarita
Id321,politics,NA,NA,2,original,Sloboda_a_Solidarita,hasYouthOrganization,Mladí_SaSkári
Id322,geography,NA,NA,2,original,Aupark_Tower,location,Bratislava
Id322,geography,NA,NA,2,original,Aupark_Tower,completionDate,2007-01-01
Id323,geography,NA,NA,1,original,Gymnázium_Andreja_Vrábla,location,Levice
Id324,history,NA,NA,3,original,Partizánska_republika,isAreaOf,Nízke_Tatry
Id324,history,NA,NA,3,original,Partizánska_republika,controlledBy,partizáni
Id324,history,NA,NA,3,original,partizáni,activeDuring,Slovenské_národné_povstanie
Id325,politics,NA,NA,1,original,politické_hnutie_Slovensko,hasChairperson,Igor_Matovič
Id326,history,NA,NA,1,original,Slovenské_národné_povstanie,startDate,1944-08-29
Id327,geography,NA,NA,1,original,Okres_Krupina,locatedIn,Banskobystricky_kraj
Id328,geography,NA,NA,1,original,Snina,locatedIn,Prešovský_kraj
Id329,culture,NA,NA,1,original,Dežo_Ursiny,recordedAlbum,Na_ceste_domov
Id330,geography,NA,NA,3,original,Turčianske_Teplice,numberOfThermalSprings,7
Id330,geography,NA,NA,3,original,7,type,termálne_pramene
Id330,geography,NA,NA,3,original,termálne_pramene,location,Turčianske_Teplice
Id331,politics,NA,NA,2,original,Robert_Fico,founded,SMER_–_sociálna_demokracia
Id331,politics,NA,NA,2,original,SMER_–_sociálna_demokracia,isA,political_party
Id332,geography,NA,NA,1,original,okres_Senec,locatedIn,Bratislavsky_kraj
Id333,politics,NA,NA,1,original,Boris_Kollár,isChairpersonOf,SME_RODINA
Id334,geography,NA,NA,1,original,rieka_Poprad,belongsToBasin,Baltské_more
Id335,geography,NA,NA,3,original,Zrúcanina,isPartOf,Devínsky_Hrad
Id335,geography,NA,NA,3,original,Devínsky_Hrad,location,Bratislava_IV
Id335,geography,NA,NA,3,original,Zrúcanina,location,Bratislava_IV
Id336,sports,NA,NA,1,original,Bratislavský_futbalový_klub,hasName,Športový_klub_Slovan_Bratislava
Id337,culture,NA,NA,1,original,Majk_Spirit,hasRealName,Michal_Dušička
Id338,geography,NA,NA,2,original,západné_Slovensko,locationOf,orztrúsené_osídlenia
Id338,geography,NA,NA,2,original,orztrúsené_osídlenia,called,kopanice
Id339,geography,NA,NA,1,original,Štúrovo,belongsToDistrict,Nové_Zámky
Id340,culture,NA,NA,2,original,Jaroslav_Filip,recordedAlbum,S_vetrom_o_preteky
Id340,culture,NA,NA,2,original,S_vetrom_o_preteky,featuresComedianDuo,Július_Satinský_a_Milan_Lasica
Id341,politics,NA,NA,1,original,HLAS_–_sociálna_demokracia,firstChairperson,Peter_Pellegrini
Id342,geography,NA,NA,1,original,Univerzita_Pavla_Jozefa_Šafárika,locatedIn,Košice
Id343,geography,NA,NA,1,original,Gymnázium_Grösslingová,locatedIn,Bratislava
Id344,geography,NA,NA,2,original,Kremnica,knownFor,Tazba_Zlata
Id344,geography,NA,NA,2,original,Tazba_Zlata,material,Zlato
Id345,sports,NA,NA,2,original,Žilinský_futbalový_klub,name,MŠK_Žilina
Id345,sports,NA,NA,2,original,MŠK_Žilina,location,Žilina
Id346,culture,NA,NA,1,original,Peter_Nagy,performedSong,Profesor_Indigo
Id347,geography,NA,NA,1,original,Vihorlatské_vrchy,highestPeak,Vihorlat
Id348,sports,NA,NA,2,original,Trnava,hasFootballClub,FC_Spakak_Trnava
Id348,sports,NA,NA,2,original,FC_Spakak_Trnava,isFootballClubFrom,Trnava
Id349,culture,NA,NA,2,original,Pásla_kone_na_betóne,directedBy,Štefan_Uher
Id349,culture,NA,NA,2,original,Štefan_Uher,directed,Pásla_kone_na_betóne
Id350,sports,NA,NA,2,original,Matej_Beňuš,represents,Slovensko
Id350,sports,NA,NA,2,original,Matej_Beňuš,sport,vodný_slalom
Id351,geography,NA,NA,1,original,Slovenská_akadémia_vied,headquarterLocation,Bratislava
Id352,geography,NA,NA,1,original,Slovenská_technická_univerzita,locatedIn,Bratislava
Id353,geography,NA,NA,1,original,Pezinok,locatedIn,Bratislavsky_kraj
Id354,geography,NA,NA,1,original,Šurany,locatedIn,Nitriansky_kraj
Id355,politics,NA,NA,1,original,Slovensko,numberOfMinistries,15
Id356,culture,NA,NA,1,original,Nocadeň,wroteAlbum,Slová_Už_Nevravia_Nič
Id357,geography,NA,NA,1,original,Michalovce,locatedIn,Košický_kraj
Id358,geography,NA,NA,1,original,Nitra,flowsInto,Dunaj
Id359,culture,NA,NA,1,original,Peter_Hrivňák,knownAs,Kuko
Id360,culture,NA,NA,2,original,Jaroslav_Slávik,participatedIn,Česko_Slovensko_má_talent
Id360,culture,NA,NA,2,original,Česko_Slovensko_má_talent,isA,TV_show
Id361,geography,NA,NA,1,original,Vysoká_škola_múzických_umení,locatedIn,Bratislava
Id362,geography,NA,NA,1,original,Myjava,locatedIn,Trenčiansky_kraj
Id363,geography,NA,NA,2,original,Ľupčiansky_hrad,locatedNear,Slovenská_Ľupča
Id363,geography,NA,NA,2,original,Slovenská_Ľupča,isType,obec
Id364,culture,NA,NA,2,original,Hex,performedAlbum,Nikdy_Nebolo_Lepšie
Id364,culture,NA,NA,2,original,Nikdy_Nebolo_Lepšie,isAlbumOf,Hex
Id365,culture,NA,NA,2,original,Mandolína,performedBy,Adam_Ďurica
Id365,culture,NA,NA,2,original,Adam_Ďurica,performs,Mandolína
Id366,other,NA,NA,2,original,IMT_Smile,foundedBy,Ivan_Tásler
Id366,other,NA,NA,2,original,IMT_Smile,foundedBy,Miroslav_Tásler
Id367,politics,NA,NA,1,original,Dušan_Kováčik,convictedFor,korupcia
Id368,geography,NA,NA,2,original,Kriváň,isConsidered,neoficiálny_symbol_Slovenska
Id368,geography,NA,NA,2,original,Kriváň,isMentionedIn,slovenská_literatúra
Id369,geography,NA,NA,4,original,Štrbské_pleso,isLocatedIn,Slovensko
Id369,geography,NA,NA,4,original,Štrbské_pleso,isType,pleso
Id369,geography,NA,NA,4,original,Štrbské_pleso,isFamous,true
Id369,geography,NA,NA,4,original,Štrbské_pleso,isAmongLargest,true
Id370,geography,NA,NA,1,original,Poprad,flowsThrough,Poprad
Id371,geography,NA,NA,1,original,Tokajská_vinohradnícka_oblasť,locatedIn,Východoslovenská_nížina
Id372,geography,NA,NA,1,original,Rimavská_Sobota,locatedIn,Bánskobystrický_kraj
Id373,culture,NA,NA,3,original,Susedia,seriesType,TV_Series
Id373,culture,NA,NA,3,original,František_Stromokocúr,characterIn,Susedia
Id373,culture,NA,NA,3,original,Peter_Marcin,playedRole,František_Stromokocúr
Id374,politics,NA,NA,2,original,Vladimír_Mečiar,lostPresidentialElection,Ivan_Gašparovič
Id374,politics,NA,NA,2,original,Vladimír_Mečiar,lostPresidentialElection,2004-01-01
Id375,culture,NA,NA,1,original,Petr_Cmorik,careerStartTrigger,výhra_v_Slovensko_hľadá_Superstar
Id376,sports,NA,NA,1,original,Juraj_Tabaček,hasAlias,Šoko
Id377,geography,NA,NA,1,original,Rajecké_Teplice,areKnownFor,termálne_kúpele
Id378,culture,NA,NA,2,original,Vratko_Rohoň,memberOf,Iné_Kafe
Id378,culture,NA,NA,2,original,Vratko_Rohoň,longestServingMember,Iné_Kafe
Id379,culture,NA,NA,1,original,Čad,musicGenre,Thrashmetal
Id380,sports,NA,NA,1,original,VKP_Bratislava,winsMostGoldMedalsIn,slovenská_volejbalová_extraliga
Id381,history,NA,NA,1,original,Martin,oldName,Turčiansky_Svätý_Martin
Id382,geography,NA,NA,1,original,okres_Humenné,locatedIn,Prešovský_kraj
Id383,geography,NA,NA,1,original,okres_Detva,locatedIn,Bánskobystrický_kraj
Id384,culture,NA,NA,2,original,relácia_Uragán,mainActors,Peter_Marcin
Id384,culture,NA,NA,2,original,relácia_Uragán,mainActors,Andrej_Kraus
Id385,geography,NA,NA,1,original,Slnečné_skaly,locatedIn,Rajecká_kotlina
Id386,culture,NA,NA,2,original,Katedrála_Najsvätejšej_Trojice,locatedIn,Žilina
Id386,culture,NA,NA,2,original,Katedrála_Najsvätejšej_Trojice,localName,Farský_kostol
Id387,sports,NA,NA,2,original,BK_Patrioti_Levice,won,basketbalová_extraliga_mužov
Id387,sports,NA,NA,2,original,basketbalová_extraliga_mužov,season,2023-2024
Id388,geography,NA,NA,1,original,Žilina,hasNickname,Perla_na_Váhu
Id389,geography,NA,NA,2,original,Vlčince,isLargest,sídlisko
Id389,geography,NA,NA,2,original,Vlčince,isLocatedIn,Žilina
Id390,geography,NA,NA,1,original,Názov_Ružinov,originatesFrom,Ružový_ostrov
Id391,geography,NA,NA,1,original,Modré_pleso,isHighestLocated,pleso
Id392,geography,NA,NA,2,original,Luník_IX,isNotoriouslyKnownFor,zlé_sociálne_podmienky
Id392,geography,NA,NA,2,original,Luník_IX,isNotoriouslyKnownFor,zlé_hygienické_podmienky
Id393,history,NA,NA,1,original,Jozef_Tiso,birthPlace,Bytča
Id394,other,NA,NA,1,original,Slovenská_koruna,dividesInto,halier
Id395,culture,NA,NA,2,original,bryndzové_halušky,servedWith,žinčica
Id395,culture,NA,NA,2,original,bryndzové_halušky,servedWith,kyslé_mlieko
Id396,culture,NA,NA,2,original,Smejko_a_Tanculienka,targetAudience,deti
Id396,culture,NA,NA,2,original,Smejko_a_Tanculienka,activity,spievajú
Id397,sports,NA,NA,2,original,Slovensko,wonGoldMedalIn,Majstrovstvá_sveta_v_ľadovom_hokeji
Id397,sports,NA,NA,2,original,Slovensko,winningYear,2002
Id398,politics,NA,NA,3,original,voľby_do_NR_SR_2016,winningParty,SMER_SD
Id398,politics,NA,NA,3,original,voľby_do_NR_SR_2016,electionYear,2016
Id398,politics,NA,NA,3,original,SMER_SD,isA,strana
Id399,sports,NA,NA,2,original,MŠK_Žilina,hasFanbase,Žilinskí_Šošoni
Id399,sports,NA,NA,2,original,Žilinskí_Šošoni,areFansOf,MŠK_Žilina
Id400,politics,NA,NA,2,original,NR_SR,numberOfElectedRepresentatives,150
Id400,politics,NA,NA,2,original,poslancov,electedTo,NR_SR
Id401,culture,NA,NA,2,original,Samo_Chalupka,wrote,Mor_Ho
Id401,culture,NA,NA,2,original,Mor_Ho,isA,poem
Id402,culture,NA,NA,2,original,Štúrovci,selectedDialect,Stredoslovenské_Nárečie
Id402,culture,NA,NA,2,original,Stredoslovenské_Nárečie,basisFor,slovenčina
Id403,geography,NA,NA,2,original,Vysoké_Tatry,highestPeak,Lomnický_štít
Id403,geography,NA,NA,2,original,Lomnický_štít,accessibleByCableCar,true
Id404,sports,NA,NA,1,original,VK_Slávia_EU_Bratislava,wonMostGoldMedalsIn,Volejbalová_extraliga_žien
Id405,politics,NA,NA,1,original,STVR,replacedOrganization,RTVS
Id406,politics,NA,NA,1,original,Sloboda_a_Solidarita,politicalIdeology,stredopravicový_liberalizmus
Id407,sports,NA,NA,2,original,HK_Nitra,wonTrophy,Kontinentálny_pohár
Id407,sports,NA,NA,2,original,Kontinentálny_pohár,winningSeason,2022-2023
Id408,politics,NA,NA,2,original,Maďarská_politická_strana,locatedIn,Slovensko
Id408,politics,NA,NA,2,original,Maďarská_politická_strana,name,Magyar_Szövetség_–_Maďarská_aliancia
Id409,culture,NA,NA,2,original,Dara_Rolins,dated,Rytmus
Id409,culture,NA,NA,2,original,Rytmus,isA,Slovak_rapper
Id410,culture,NA,NA,5,original,Relácia_Chart_Show,topic,hostia_tipujú_a_komentujú_najlepšie_hity_na_danú_tému
Id410,culture,NA,NA,5,original,hostia,action,tipujú
Id410,culture,NA,NA,5,original,hostia,action,komentujú
Id410,culture,NA,NA,5,original,hostia,object,najlepšie_hity
Id410,culture,NA,NA,5,original,najlepšie_hity,context,na_danú_tému
Id411,politics,NA,NA,2,original,SNS,currentChairperson,Andrej_Danko
Id411,politics,NA,NA,2,original,Andrej_Danko,chairpersonYear,2024
Id412,culture,NA,NA,1,original,Čičmany,isKnownFor,Ľudová_architektúra
Id413,culture,NA,NA,6,original,Hviezdoslavov_Kubín,isA,celoštátna_súťažná_prehliadka
Id413,culture,NA,NA,6,original,Hviezdoslavov_Kubín,focusesOn,umelecký_prednes
Id413,culture,NA,NA,6,original,Hviezdoslavov_Kubín,includesGenre,poézia
Id413,culture,NA,NA,6,original,Hviezdoslavov_Kubín,includesGenre,próza
Id413,culture,NA,NA,6,original,Hviezdoslavov_Kubín,includesActivity,tvorba_detských_recitačných_koletívov
Id413,culture,NA,NA,6,original,Hviezdoslavov_Kubín,includesActivity,divadlá_poézie
Id414,history,NA,NA,1,original,SNP,startDate,1944-08-29
Id415,geography,NA,NA,2,original,Vlkolínec,isA,zachovaný_sídelný_celok
Id415,geography,NA,NA,2,original,Vlkolínec,belongsTo,zoznam_UNESCO
Id416,geography,NA,NA,2,original,mumifikované_telo,locatedIn,Teplička_nad_Váhom
Id416,geography,NA,NA,2,original,mumifikované_telo,belongsTo,Žofie_Bosniaková
Id417,history,NA,NA,1,original,Nitra,firstSeatOfRulers,Dnesne_Slovensko
Id418,geography,NA,NA,1,original,Dóm_Svätej_Alžbety,location,Košice
Id419,politics,NA,NA,2,original,Zuzana_Čaputová,heldPosition,prezidentka_Slovenskej_republiky
Id419,politics,NA,NA,2,original,Zuzana_Čaputová,positionEndDate,2024-12-31
Id420,culture,NA,NA,2,original,Október,isMonthDedicatedTo,ucta_ruzenca
Id420,culture,NA,NA,2,original,ucta_ruzenca,isAssociatedWith,rímskokatolícka_cirkev
Id421,history,NA,NA,1,original,Univerzita_Komenského_v_Bratislave,isOldestUniversityIn,Slovensko
Id422,geography,NA,NA,3,original,Košice,hasProblematicDistrict,Luník_IX
Id422,geography,NA,NA,3,original,Luník_IX,isDistrictOf,Košice
Id422,geography,NA,NA,3,original,Luník_IX,hasStatus,problémová
Id423,culture,NA,NA,3,original,Michal_Straka,occupation,slovenský_raper
Id423,culture,NA,NA,3,original,Michal_Straka,education,vyštudovaný_právnik
Id423,culture,NA,NA,3,original,Michal_Straka,artisticName,Ego
Id424,geography,NA,NA,3,original,Najväčšie_medzinárodné_letisko_na_Slovensku,name,Letisko_M._R._Štefánika
Id424,geography,NA,NA,3,original,Letisko_M._R._Štefánika,location,Slovensko
Id424,geography,NA,NA,3,original,Letisko_M._R._Štefánika,type,medzinárodné_letisko
Id425,culture,NA,NA,3,original,Jánošíkove_dni,eventType,kultúrny_festival
Id425,culture,NA,NA,3,original,Jánošíkove_dni,frequency,každoročne
Id425,culture,NA,NA,3,original,Jánošíkove_dni,location,Terchová
Id426,geography,NA,NA,3,original,Slovenská_technická_univerzita_v_Bratislave,abbreviation,STU
Id426,geography,NA,NA,3,original,Slovenská_technická_univerzita_v_Bratislave,location,Bratislava
Id426,geography,NA,NA,3,original,Slovenská_technická_univerzita_v_Bratislave,type,vysoká_školá
Id427,geography,NA,NA,2,original,Folklórne_Slávnosti_Pod_Poľanou,location,Detva
Id427,geography,NA,NA,2,original,Folklórne_Slávnosti_Pod_Poľanou,eventType,Folklórne_Slávnosti
Id428,geography,NA,NA,2,original,západný_okraj,locationOf,Bojnice
Id428,geography,NA,NA,2,original,Bojnický_zámok,locatedAt,západný_okraj
Id429,culture,NA,NA,4,original,Jožo_Ráž,isFounderOf,Elán
Id429,culture,NA,NA,4,original,Vašo_Patejdl,isFounderOf,Elán
Id429,culture,NA,NA,4,original,Juraj_Farkaš,isFounderOf,Elán
Id429,culture,NA,NA,4,original,Zdeno_Baláž,isFounderOf,Elán
Id430,history,NA,NA,2,original,Univerzita_v_Banskej_Bystrici,namedAfter,Matej_Bel
Id430,history,NA,NA,2,original,Matej_Bel,occupation,slovenský_vedec
Id431,geography,NA,NA,5,original,Poľana,isA,pohorie
Id431,geography,NA,NA,5,original,Poľana,location,centrálna_časti_Slovenska
Id431,geography,NA,NA,5,original,Poľana,isA,silne_erodovaný_stratovulkán
Id431,geography,NA,NA,5,original,Poľana,protectionStatus,chránená_krajinná_oblasť
Id431,geography,NA,NA,5,original,Poľana,protectionStartDate,1981-01-01
Id432,politics,NA,NA,4,original,Andrej_Kiska,isPresidentOf,Slovenská_republika
Id432,politics,NA,NA,4,original,Andrej_Kiska,presidentialOrder,4
Id432,politics,NA,NA,4,original,Andrej_Kiska,isCoFounderOf,Dobrý_anjel
Id432,politics,NA,NA,4,original,Dobrý_anjel,isA,charitable_organization
Id433,other,NA,NA,3,original,Univerzita_Komenského,hasFaculty,Fakulta_sociálnych_a_ekonomických_ved
Id433,other,NA,NA,3,original,Fakulta_sociálnych_a_ekonomických_ved,foundingDate,2002-01-01
Id433,other,NA,NA,3,original,Fakulta_sociálnych_a_ekonomických_ved,isYoungest,true
Id434,culture,NA,NA,4,original,Lumen,type,Rozhlasová_Stanica
Id434,culture,NA,NA,4,original,Lumen,coverage,Celoplošná
Id434,culture,NA,NA,4,original,Lumen,ownership,Súkromná
Id434,culture,NA,NA,4,original,Lumen,affiliation,Kresťanská
Id435,politics,NA,NA,5,original,Andrej_Danko,occupation,politik
Id435,politics,NA,NA,5,original,Andrej_Danko,lost,vodičský_preukaz
Id435,politics,NA,NA,5,original,nehoda,location,Bratislava
Id435,politics,NA,NA,5,original,nehoda,damaged,semafor
Id435,politics,NA,NA,5,original,Andrej_Danko,caused,nehoda
Id436,politics,NA,NA,3,original,Denník_N,revealed,plagiarism_case
Id436,politics,NA,NA,3,original,plagiarism_case,relatedTo,rigorózna_práca
Id436,politics,NA,NA,3,original,rigorózna_práca,author,Andrej_Danko
Id437,culture,NA,NA,9,original,Andrej_Kraus,isA,slovenský_herec
Id437,culture,NA,NA,9,original,Andrej_Kraus,isA,humorista
Id437,culture,NA,NA,9,original,Andrej_Kraus,isA,scenárista
Id437,culture,NA,NA,9,original,Andrej_Kraus,isA,producent
Id437,culture,NA,NA,9,original,Andrej_Kraus,isA,moderátor
Id437,culture,NA,NA,9,original,Andrej_Kraus,knownForRolesIn,Uragán
Id437,culture,NA,NA,9,original,Andrej_Kraus,knownForRolesIn,Hurikán
Id437,culture,NA,NA,9,original,Andrej_Kraus,knownForRolesIn,Susedia
Id437,culture,NA,NA,9,original,Andrej_Kraus,knownForRolesIn,Kutyil_s.r.o.
Id438,history,NA,NA,3,original,1_januára,dateOf,celebration
Id438,history,NA,NA,3,original,celebration,location,Slovensko
Id438,history,NA,NA,3,original,celebration,name,Deň_vzniku_Slovenskej_republiky
Id439,geography,NA,NA,1,original,Pieninský_národný_park,shortName,PIENAP
Id440,culture,NA,NA,6,original,Univerzita_Komenského,hasFaculty,Filozofická_fakulta
Id440,culture,NA,NA,6,original,Filozofická_fakulta,partOf,Univerzita_Komenského
Id440,culture,NA,NA,6,original,Filozofická_fakulta,location,Bratislava
Id440,culture,NA,NA,6,original,Filozofická_fakulta,isOneOf,najstaršie_fakulty
Id440,culture,NA,NA,6,original,Filozofická_fakulta,focusesOn,spoločenské_vedy
Id440,culture,NA,NA,6,original,Filozofická_fakulta,focusesOn,humanitné_štúdiá
Id441,history,NA,NA,1,original,Slovenská_republika,firstPresident,Michal_Kováč
Id442,culture,NA,NA,2,original,Ján_Červeň,writesProseUnderPseudonym,N.E._Vreč
Id442,culture,NA,NA,2,original,Ján_Červeň,isAuthorFrom,Slovakia
Id443,other,NA,NA,1,original,ZŤP,abbreviationOf,zdravotne_ťažko_postihnutý
Id444,politics,NA,NA,4,original,Rómska_Iniciatíva_Slovenska,fullNameOf,RIS
Id444,politics,NA,NA,4,original,RIS,type,political_party
Id444,politics,NA,NA,4,original,RIS,country,Slovakia
Id444,politics,NA,NA,4,original,RIS,status,former
Id445,geography,NA,NA,2,original,Strečno,locatedIn,Váh_River_Valley
Id445,geography,NA,NA,2,original,Váh,riverType,River
Id446,geography,NA,NA,2,original,Vrbovský_kanál,startsAt,Žaluzice
Id446,geography,NA,NA,2,original,Žaluzice,isLocatedIn,východné_Slovensko
Id447,geography,NA,NA,9,original,Bratislava,isSignificantCity,true
Id447,geography,NA,NA,9,original,Bratislava,isLocatedOn,Dunaj
Id447,geography,NA,NA,9,original,Štúrovo,isSignificantCity,true
Id447,geography,NA,NA,9,original,Štúrovo,isLocatedOn,Dunaj
Id447,geography,NA,NA,9,original,Komárno,isSignificantCity,true
Id447,geography,NA,NA,9,original,Komárno,isLocatedOn,Dunaj
Id447,geography,NA,NA,9,original,Bratislava,country,Slovensko
Id447,geography,NA,NA,9,original,Štúrovo,country,Slovensko
Id447,geography,NA,NA,9,original,Komárno,country,Slovensko
Id448,culture,NA,NA,2,original,Ján_Štiavnický,isAuthorType,slovenský_autor
Id448,culture,NA,NA,2,original,Ján_Štiavnický,isKnownFor,literatúra_pre_deti_a_mládež
Id449,culture,NA,NA,3,original,Beatrix_Littmannová,occupation,speváčka
Id449,culture,NA,NA,3,original,Beatrix_Littmannová,nationality,slovenská
Id449,culture,NA,NA,3,original,Beatrix_Littmannová,deathYear,2018
Id450,geography,NA,NA,1,original,Slovenský_železničný_štátny_podnik,hasName,Železnice_Slovenskej_republiky_ŽSR
Id451,geography,NA,NA,2,original,Zemplín,locatedIn,Východ_Slovenska
Id451,geography,NA,NA,2,original,Východ_Slovenska,isPartOf,Slovensko
Id452,sports,NA,NA,3,original,Peter_Doležaj,playsFor,ŠK_Svätý_Jur
Id452,sports,NA,NA,3,original,ŠK_Svätý_Jur,isA,slovenský_futbalový_klub
Id452,sports,NA,NA,3,original,Peter_Doležaj,activeInYear,2024
Id453,politics,NA,NA,3,original,Ján_Drgonec,profession,právnik
Id453,politics,NA,NA,3,original,Ján_Drgonec,representedIn,NRSR
Id453,politics,NA,NA,3,original,Ján_Drgonec,representedPoliticalParty,Aliancia_nového_občana
Id454,culture,NA,NA,2,original,Medzinárodný_festival_Magicfestival,location,Bratislava
Id454,culture,NA,NA,2,original,Medzinárodný_festival_Magicfestival,eventType,festival
Id455,geography,NA,NA,4,original,Sedlo,location,Nízke_Tatry
Id455,geography,NA,NA,4,original,Sedlo,connects,Bocianska_Dolina
Id455,geography,NA,NA,4,original,Sedlo,connects,Liptov
Id455,geography,NA,NA,4,original,Sedlo,name,Čertovica
Id456,sports,NA,NA,3,original,Jana_Velďáková,nationality,slovenská
Id456,sports,NA,NA,3,original,Jana_Velďáková,profession,atlétka
Id456,sports,NA,NA,3,original,Jana_Velďáková,sport,skok_do_diaľky
Id457,geography,NA,NA,4,original,Rastislav_Podoba,profession,umelec
Id457,geography,NA,NA,4,original,Rastislav_Podoba,activeInCity,Banská_Bystrica
Id457,geography,NA,NA,4,original,Banská_Bystrica,country,Slovakia
Id457,geography,NA,NA,4,original,Banská_Bystrica,type,mesto
Id458,culture,NA,NA,3,original,STVR,broadcasts,Boli_Sme_Pri_Tom
Id458,culture,NA,NA,3,original,Boli_Sme_Pri_Tom,isA,talk_show
Id458,culture,NA,NA,3,original,STVR,isA,slovenská_televízia
Id459,geography,NA,NA,1,original,okres_Sabinov,locatedIn,Prešovský_kraj
Id460,culture,NA,NA,3,original,Slovenská_filmová_a_televízna_akadémia,operatesUnderAcronym,SFTA
Id460,culture,NA,NA,3,original,Slovenská_filmová_a_televízna_akadémia,isType,záujmová_organizácia
Id460,culture,NA,NA,3,original,Slovenská_filmová_a_televízna_akadémia,isFromCountry,Slovensko
Id461,geography,NA,NA,1,original,Piešťany,riverFlowingThrough,Váh
Id462,politics,NA,NA,2,original,Kresťanské_Demokratické_Hnutie,politicalPartyIn,Slovakia
Id462,politics,NA,NA,2,original,Kresťanské_Demokratické_Hnutie,abbreviation,KDH
Id463,politics,NA,NA,4,original,Jaroslav_Rezník,positionHeld,riaditeľ
Id463,politics,NA,NA,4,original,Jaroslav_Rezník,organizationLed,Rozhlas_a_Televízia_Slovenska
Id463,politics,NA,NA,4,original,Jaroslav_Rezník,startDate,2017-01-01
Id463,politics,NA,NA,4,original,Jaroslav_Rezník,endDate,2022-12-31
Id464,culture,NA,NA,2,original,Slovenské_národné_divadlo,hasAbbreviation,SND
Id464,culture,NA,NA,2,original,SND,refersTo,Slovenské_národné_divadlo
Id465,geography,NA,NA,2,original,Divadlo_Jonáša_Záborského,locatedIn,Prešov
Id465,geography,NA,NA,2,original,Prešov,isA,slovenské_mesto
Id466,geography,NA,NA,3,original,Košťany_nad_Turcom,borders,Martin
Id466,geography,NA,NA,3,original,Košťany_nad_Turcom,type,obec
Id466,geography,NA,NA,3,original,Martin,type,mesto
Id467,geography,NA,NA,3,original,Jakubovo_námestie,locatedIn,Staré_Mesto
Id467,geography,NA,NA,3,original,Staré_Mesto,isPartOf,Bratislava
Id467,geography,NA,NA,3,original,Staré_Mesto,type,mestská_časť
Id468,politics,NA,NA,3,original,Ivan_Mikloš,isMemberOf,SDKÚ_DS
Id468,politics,NA,NA,3,original,Ivan_Mikloš,currentPosition,Deputy_Chairman
Id468,politics,NA,NA,3,original,Deputy_Chairman,ofParty,SDKÚ_DS
Id469,geography,NA,NA,3,original,Vajnorská_ulica,locationInCity,Bratislava
Id469,geography,NA,NA,3,original,Polus_City_Center,locatedAt,Vajnorská_ulica
Id469,geography,NA,NA,3,original,Polus_City_Center,typeOfPlace,nákupné_centrum
Id470,sports,NA,NA,2,original,Peter_Škantár,isRepresentativeOf,Slovakia
Id470,sports,NA,NA,2,original,Peter_Škantár,sportDiscipline,vodný_kajak
Id471,geography,NA,NA,1,original,Štátna_Opera,locatedIn,Banská_Bystrica
Id472,sports,NA,NA,1,original,Profesionálny_košický_futbalový_tím,hasName,FC_VSS_Košice
Id473,culture,NA,NA,3,original,Peter_Lipa,nationality,slovenský
Id473,culture,NA,NA,3,original,Peter_Lipa,occupation,spevák
Id473,culture,NA,NA,3,original,Peter_Lipa,createdAlbum,Dobré_Meno
Id474,geography,NA,NA,1,original,Záhorie,locatedIn,Západ_Slovenska
Id475,culture,NA,NA,2,original,Chatári,isA,slovenský_rodinný_seriál
Id475,culture,NA,NA,2,original,TV_Markíza,broadcasts,Chatári
Id476,sports,NA,NA,1,original,ŠK_Slovan_Bratislava,formerFootballStadium,Tehelné_pole
Id477,geography,NA,NA,4,original,Trnavský_kraj,bordersCountry,Česko
Id477,geography,NA,NA,4,original,Trnavský_kraj,bordersCountry,Rakúsko
Id477,geography,NA,NA,4,original,Trnavský_kraj,bordersCountry,Mad'arsko
Id477,geography,NA,NA,4,original,Trnavský_kraj,isUniqueIn,susedenie_s_tromi_krajinami
Id478,geography,NA,NA,3,original,Hlavná_bratislavská_autobusová_stanica,name,Bratislava_Nivy
Id478,geography,NA,NA,3,original,Hlavná_bratislavská_autobusová_stanica,location,Bratislava
Id478,geography,NA,NA,3,original,Hlavná_bratislavská_autobusová_stanica,type,Autobusová_Stanica
Id479,culture,NA,NA,2,original,Matica_Slovenská,isA,Celonárodna_Slovenská_Kultúrna_Ustanovizeň
Id479,culture,NA,NA,2,original,Matica_Slovenská,headquartersLocation,Martin
Id480,culture,NA,NA,4,original,Dominika_Mirgová,nationality,slovenská
Id480,culture,NA,NA,4,original,Dominika_Mirgová,profession,speváčka
Id480,culture,NA,NA,4,original,Dominika_Mirgová,released,Znamenia
Id480,culture,NA,NA,4,original,Znamenia,type,EP
Id481,culture,NA,NA,3,original,Jana_Kirschner,nationality,Slovenka
Id481,culture,NA,NA,3,original,Jana_Kirschner,performedAction,naspievala
Id481,culture,NA,NA,3,original,Jana_Kirschner,performedActionObject,album_Shine
Id482,politics,NA,NA,3,original,Matúš_Vallo,profession,slovenský_architekt
Id482,politics,NA,NA,3,original,Matúš_Vallo,position,primátor_Bratislavy
Id482,politics,NA,NA,3,original,Matúš_Vallo,yearOfPosition,2024
Id483,geography,NA,NA,1,original,Slovenský_hydrometorologický_ústav,hasAbbreviation,SHMÚ
Id484,geography,NA,NA,2,original,Turčianske_Teplice,riverFlowingThrough,Teplica
Id484,geography,NA,NA,2,original,Teplica,isA,river
Id485,culture,NA,NA,2,original,Branislav_Korec,hasPseudonym,Otis
Id485,culture,NA,NA,2,original,Branislav_Korec,isOccupation,slovenský_reper
Id486,geography,NA,NA,1,original,okres_Levoča,locatedIn,Prešovský_kraj
Id487,sports,NA,NA,2,original,Podujatie_ťažných_koní,hasName,Kľačianska_Podkova
Id487,sports,NA,NA,2,original,Podujatie_ťažných_koní,location,Turčianske_Kľačany
Id488,politics,NA,NA,2,original,Tajná_služba,operatesIn,Slovensko
Id488,politics,NA,NA,2,original,Tajná_služba,name,Slovenská_informačná_služba
Id489,culture,NA,NA,2,original,spoločnosť_SME,publishes,Korzár
Id489,culture,NA,NA,2,original,Korzár,isA,regionálny_denník
Id490,geography,NA,NA,2,original,Počúvadlianske_Jazero,isPartOf,Banská_Štiavnica
Id490,geography,NA,NA,2,original,Počúvadlianske_Jazero,isTypeOf,mestská_časť
Id491,geography,NA,NA,2,original,Vysoká_škola_ekonomická,locatedIn,Bratislava
Id491,geography,NA,NA,2,original,Bratislava,isA,slovenské_mesto
Id492,geography,NA,NA,2,original,Ratnovce,locatedIn,Piešťany
Id492,geography,NA,NA,2,original,Piešťany,isType,okres
